"ID","Perceptions","Priority","Policy","Health","Behavior","None","reader","Title"
3,1,1,1,1,0,0,"ChatGPT","A Questionnaire Case Study of Chinese Opinions on the Haze Pollution and Economic Growth"
4,1,0,1,0,1,0,"ChatGPT","A Questionnaire Case Study to Investigate Public Awareness of Smog Pollution in China's Rural Areas"
7,1,0,0,1,1,0,"ChatGPT","A Survey on the Knowledge, Attitudes, and Practices of Lebanese Physicians Regarding Air Pollution"
8,0,0,0,0,1,0,"ChatGPT","A behavioral strategy to minimize air pollution exposure in pregnant women: a randomized controlled trial"
9,1,0,1,1,1,0,"ChatGPT","A comparison of individual exposure, perception, and acceptable levels of PM2.5 with air pollution policy objectives in China"
10,0,0,0,1,0,0,"ChatGPT","A criticism on the survey report and the paper concerning with the relationship between the prevalence rate of bronchial asthma in primary and/or lower secondary school pupils and air pollution in Chiba city"
11,0,0,0,0,1,0,"ChatGPT","A cross-sectional study of inequalities in digital air pollution information access and exposure reducing behavior uptake in the UK"
12,0,0,0,1,1,0,"ChatGPT","A cross-sectional study on determinants of indoor air pollution and its perceived impact among the residents of urban field practice area of AMCH, Salem, Tamil Nadu"
14,0,0,0,1,0,0,"ChatGPT","A field study of indoor air quality and occupant perception in experimental laboratories and workshops"
17,1,0,0,1,1,0,"ChatGPT","A psycho-social-environmental lens on radon air pollutant: authorities', mitigation contractors', and residents' perceptions of barriers and facilitators to domestic radon mitigation"
18,1,0,0,0,0,0,"ChatGPT","A serious game for raising air pollution perception in children"
19,1,1,1,0,0,0,"ChatGPT","A social approach about environment pollution. Perception of air pollution by pupils and teachers from three primary schools in the Delegacion Tlalpan, Mexico, D.F.; [Un enfoque social sobre la contaminacion ambiental. Percepcion de la contaminacion del aire por alumnos y maestros de tres escuelas primarias de la Delegacion de Tlalpan, Mexico D.F.]"
21,1,0,0,0,1,0,"ChatGPT","A survey of PM2.5 preventive behavioral intention and related factors among community elderly in Northern Taiwan"
22,1,0,1,0,0,0,"ChatGPT","A survey on the perceived need and value of decision-support tools for joint mitigation of air pollution and climate change in cities"
23,1,0,1,0,0,0,"ChatGPT","AIR POLLUTION IN YOUNG PEOPLE'S OPINIONS BASED ON RESEARCH USING METHODS AND TOOLS OF MATHEMATICAL STATISTICS; [ZANIECZYSZCZENIE POWIETRZA W OPINIACH MŁODZIEŻY NA PODSTAWIE BADAŃ Z UŻYCIEM METOD I NARZĘDZI STATYSTYKI MATEMATYCZNEJ]"
24,1,0,0,1,1,0,"ChatGPT","ASSESSMENT OF KNOWLEDGE AND PERCEPTION OF ADVERSE HEALTH EFFECTS ASSOCIATED WITH SELF-PREVENTION FROM AIR POLLUTION IN TRAFFIC POLICEMEN IN BANGKOK, THAILAND"
25,1,0,1,0,1,0,"ChatGPT","Acculturation, Ethnicity, and Air Pollution Perceptions"
27,1,0,0,0,0,0,"ChatGPT","Actual Air Pollution, Environmental Transparency, and the Perception of Air Pollution in China"
28,1,0,0,0,0,0,"ChatGPT","Adolescent Haze-Related Knowledge Level Study: A Cross-Sectional Survey With Sensitivity Analysis"
29,0,0,0,0,1,0,"ChatGPT","Adoption of Protective Behaviours: Residents Response to City Smog in Hefei, China"
32,1,0,0,0,1,0,"ChatGPT","Air Pollution In Delhi - Impact Of Digital Media On Denizen's Behaviour"
33,1,0,0,1,0,0,"ChatGPT","Air Pollution and Climate Change Risk Perception among Residents in Three Cities of the Mexico Megalopolis"
34,1,1,0,0,1,0,"ChatGPT","Air Pollution and Climate Change: A Pilot Study to Investigate Citizens' Perception"
35,0,0,0,0,0,1,"ChatGPT","Air Pollution and Prosocial Behavior in Chinese Adolescents: The Role of Resilience and Interpersonal Relations"
36,1,0,0,0,0,0,"ChatGPT","Air Pollution from Industry and Traffic: Perceived Risk and Affect in the Moerdijk Region, The Netherlands"
37,0,0,1,0,0,0,"ChatGPT","Air Pollution in Urban Africa: Understanding Attitudes and Economic Valuation in the Case of Dakar, Senegal"
38,1,0,0,0,1,0,"ChatGPT","Air Quality Awareness Among US Adults With Respiratory and Heart Disease"
39,1,0,0,1,1,0,"ChatGPT","Air Quality Awareness and Behaviors of US Adolescents With and Without Asthma"
40,1,0,0,1,1,0,"ChatGPT","Air Quality Awareness-Empirical Evidence from a Comparative Perspective between Two European Cities"
41,1,0,0,0,1,0,"ChatGPT","Air Quality Index and air quality awareness among adults in the United States"
42,1,0,0,1,1,0,"ChatGPT","Air Quality Perceptions, Awareness, and Associated Behaviors Among U.S. Adults With and Without Heart Disease"
43,1,0,0,1,0,0,"ChatGPT","Air Quality Versus Perceived Comfort and Health in Office Buildings at Western Macedonia Area, Greece during the Pandemic Period"
44,0,0,0,0,1,0,"ChatGPT","Air Quality and Visitor Behavior in US Protected Areas"
45,1,0,0,0,1,0,"ChatGPT","Air Quality in Hamilton: Who is Concerned? Perceptions from Three Neighbourhoods"
46,1,0,0,1,0,0,"ChatGPT","Air Quality, Pollution Perception, and Residents' Health: Evidence from China"
49,0,0,0,0,1,0,"ChatGPT","Air pollution and avoidance behavior: A perspective from the demand for medical insurance"
51,1,0,0,1,1,0,"ChatGPT","Air pollution and health: patterns of perception and response in Houston, 2000-2022"
52,0,0,1,1,1,0,"ChatGPT","Air pollution and its economic impacts at household level: willingness to pay for environmental services in Pakistan"
53,0,0,1,0,0,0,"ChatGPT","Air pollution and the willingness to pay of exposed individuals in downtown Medellín, Colombia"
54,0,0,1,0,0,0,"ChatGPT","Air pollution and willingness to pay for health risk reductions in Egypt: A contingent valuation survey of Greater Cairo and Alexandria households"
55,1,0,1,0,1,0,"ChatGPT","Air pollution awareness and risk perception in ger areas of Ulaanbaatar"
56,1,0,0,0,0,0,"ChatGPT","Air pollution awareness in the scope of the community service practices course: An interdisciplinary study; [Topluma hizmet uygulamaları dersinde hava kirliliği farkındalığı: Disiplinlerarası bir çalışma]"
58,1,0,0,0,0,0,"ChatGPT","Air pollution damage to US forests: a survey of perceptions and estimates by scientists"
59,1,0,0,1,1,0,"ChatGPT","Air pollution in China: health information seeking and protective behaviors"
60,1,0,0,0,0,0,"ChatGPT","Air pollution perception in ten countries during the COVID-19 pandemic"
61,1,0,0,0,0,0,"ChatGPT","Air pollution, environmental perceptions, and citizen satisfaction: A mediation analysis"
62,1,0,0,1,1,0,"ChatGPT","Air pollution, perceived health risk, and trip decision-making: Environmental justice considerations"
63,1,0,0,0,0,0,"ChatGPT","Air pollution: The knowledge and ideas of students in Tehran-Iran, and a comparison with other countries"
64,1,0,0,0,1,0,"ChatGPT","Air pollution: a study of citizen's attitudes and behaviors using different information sources"
67,1,0,1,1,1,0,"ChatGPT","Air quality and environmental protection concerns among residents in Nanchang, China"
68,0,0,0,0,1,0,"ChatGPT","Air quality and transport behaviour: sensors, field, and survey data from Warsaw, Poland"
70,1,0,0,1,0,0,"ChatGPT","Air quality change and public perception during the COVID-19 lockdown in India"
71,1,0,0,0,0,0,"ChatGPT","Air quality in teaching lab: Perception of students and analysis of Particulate Matter"
72,0,0,1,0,0,0,"ChatGPT","Air quality management: evolution of policy and practice in the UK as exemplified by the experience of English local government"
73,1,0,0,0,0,0,"ChatGPT","Air quality perception of pedestrians in an urban outdoor Mediterranean environment: A field survey approach"
74,0,0,0,0,1,0,"ChatGPT","Air quality, human behavior and urban park visit: A case study in Beijing"
75,1,0,1,0,1,0,"ChatGPT","Air quality: A comparison of students' conceptions and attitudes across the continents"
77,1,0,0,0,1,0,"ChatGPT","Ambient air pollution perception and coping behaviour among hikers"
78,0,0,0,0,1,0,"ChatGPT","An Analysis on Residents' Travel Behavioral Intention and Options under the Influence of Haze-A Case Study of Changsha"
79,1,0,0,0,1,0,"ChatGPT","An Assessment of the Multidimensional Drivers and Determinants of Public Risk Perception of and Behaviors Related to Exposure to Air Pollution in Serbia"
80,1,0,0,0,0,0,"ChatGPT","An Investigative Study on Perceived Indoor Air Quality During COVID-19 Lockdown in India"
81,1,1,0,0,0,0,"ChatGPT","An assessment of perceptions of air quality surrounding the implementation of a traffic-reduction measure in a local urban environment"
82,1,0,0,0,0,0,"ChatGPT","An effect of numerical data through monitoring device on perception of indoor air quality"
83,0,0,1,0,0,0,"ChatGPT","An environmental, economical and socio-political analysis of a variety of urban air-pollution reduction policies for primary PM10 and NOx: The case study of the Province of Milan (Northern Italy)"
85,0,0,1,0,1,0,"ChatGPT","An extended behavior model for explaining the willingness to pay to reduce the air pollution in road transportation"
87,0,0,1,0,0,0,"ChatGPT","Analysis of residents' willingness to pay to reduce air pollution to improve children's health in community and hospital settings in Shanghai, China"
89,1,0,0,1,0,0,"ChatGPT","Analyzing the Perception of Indoor Air Quality (IAQ) from a Survey of New Townhouse Residents in Dubai"
91,0,0,1,0,0,0,"ChatGPT","Application of stochastic choice modeling to policy analysis of public goods: a case study of air quality improvements ( Tampa Bay, Florida)."
92,1,0,0,0,1,0,"ChatGPT","Assessing air quality index awareness and use in Mexico City"
93,1,0,0,0,1,0,"ChatGPT","Assessing customers' perceived value of the anti-haze cosmetics under haze pollution"
94,1,0,0,0,0,0,"ChatGPT","Assessing local heat stress and air quality with the use of remote sensing and pedestrian perception in urban microclimate simulations"
95,1,0,0,0,0,0,"ChatGPT","Assessing smog risk perception in Lahore metropolitan: A survey-based analysis"
96,1,0,0,0,0,0,"ChatGPT","Assessing the Influence of Socioeconomic Status and Air Pollution Levels on the Public Perception of Local Air Quality in a Mexico-US Border City"
98,1,0,0,1,0,0,"ChatGPT","Assessment of Auto-rickshaw Drivers Knowledge Regarding the Effects of Air Pollution on Health and Its Prevention"
99,0,0,0,1,0,0,"ChatGPT","Assessment of Indoor Air Quality and Users Perception of a Renovated Office Building in Manchester"
100,0,0,0,1,0,0,"ChatGPT","Assessment of Indoor Air Quality in Small and Medium Food Industries and Effects towards Perceived IAQ Symptoms"
101,1,0,0,0,0,0,"ChatGPT","Assessment of Indoor Particulate Matter and Teacher's Perceived Indoor Climate in Government Schools of Bilaspur District, Chhattisgarh, India: A Cross-Sectional Study"
102,1,0,0,0,1,0,"ChatGPT","Assessment of Perceived Indoor Air Quality in the Classrooms of Slovenian Primary Schools and Its Association with Indoor Air Quality Factors, for the Design of Public Health Interventions"
103,1,0,0,0,0,0,"ChatGPT","Assessment of air pollution and air quality perception mismatch using mobility-based real-time exposure"
104,1,0,0,0,1,0,"ChatGPT","Assessment of community awareness and practices concerning indoor air pollutants — Madison county, Alabama, June 2017"
105,1,0,0,0,1,0,"ChatGPT","Assessment of knowledge, attitude and practices against inhaled particulate matter among urban residents in Dhaka, Bangladesh"
106,1,0,0,1,1,0,"ChatGPT","Assessment of knowledge, attitudes, and practice regarding air pollution and health effects among general people: A multi-divisional cross-sectional study in Bangladesh"
107,1,0,0,0,1,0,"ChatGPT","Assessment of knowledge, attitudes, and practices regarding air pollution among traffic polices in Dhaka city, Bangladesh: a cross-sectional study"
108,1,0,0,0,1,0,"ChatGPT","Assessment of people's perception of air quality in Phnom Penh, the capital city of Cambodia"
109,0,0,1,0,1,0,"ChatGPT","Assessment of willingness to pay for improved air quality using contingent valuation method"
110,0,0,1,0,0,0,"ChatGPT","Association Between State Assistance on the Topic of Indoor Air Quality and School District-Level Policies That Promote Indoor Air Quality in Schools"
111,0,0,0,1,1,0,"ChatGPT","Association between Air Pollution and Physical Activity and Sedentary Behavior among Adults Aged 60 Years or Older in China: A Cross-Sectional Study"
112,1,0,0,0,0,0,"ChatGPT","Association between Four-Level Categorisation of Indoor Exposure and Perceived Indoor Air Quality"
113,0,0,0,1,0,0,"ChatGPT","Association between air pollution and 24-h movement behaviours in a representative sample of Spanish youth"
117,1,0,0,1,0,0,"ChatGPT","Association of perceived neighborhood air quality problems with attempt to quit cigarette smoking: a cross-sectional study in Texas"
118,1,0,0,1,0,0,"ChatGPT","Associations between Parents' Perceived Air Quality in Homes and Health among Children in Nanjing, China"
120,0,0,0,1,0,0,"ChatGPT","Associations of ambient air pollutant concentrations with respiratory symptoms and perceived health status in Japanese adults with and without chronic respiratory diseases: A panel study"
121,1,0,0,1,0,0,"ChatGPT","Associations of indoor carbon dioxide concentrations, air temperature, and humidity with perceived air quality and sick building syndrome symptoms in Chinese homes"
122,1,1,0,1,1,0,"ChatGPT","Attitudes towards air quality during outdoor exercise amongst habitual exercisers"
123,1,0,0,1,1,0,"ChatGPT","Awareness of Polish physicians regarding the impact of air pollution on health"
124,1,0,0,1,0,0,"ChatGPT","Awareness of air pollution and ecosystem services provided by trees: The case study of Warsaw city"
125,1,0,0,1,0,0,"ChatGPT","Awareness of air pollution in patients with chronic respiratory diseases; [Conocimiento de los pacientes respiratorios crónicos de los efectos de la contaminación ambiental]"
126,1,0,0,0,1,0,"ChatGPT","Awareness of and compliance with air pollution advisories: A comparison of parents of asthmatics with other parents"
127,1,0,0,0,0,0,"ChatGPT","Awareness on risk factors of air pollution among college students - A survey"
128,1,0,0,0,1,0,"ChatGPT","Awareness, attitude and practice towards indoor air pollution (IAP) amongst residents of Oke - Oyi in Ilorin"
131,1,0,1,0,1,0,"ChatGPT","Beyond under the dome: an environmental documentary amplified public risk perception about air pollution in China"
132,1,0,0,1,1,0,"ChatGPT","Bicycle Commuting and Exposure to Air Pollution: A Questionnaire-Based Investigation of Perceptions, Symptoms, and Risk Management Strategies"
134,1,0,0,0,0,0,"ChatGPT","Cabin environment and perception of cabin air quality among commercial aircrew"
135,1,0,0,0,0,0,"ChatGPT","Cabin environment and perception of cabin air quality among commercial aircrew"
136,0,0,1,0,0,0,"ChatGPT","Can respondent uncertainty be ignored when exploring heterogeneity in public preferences for air pollution treatment policies? Comparative results from choice experiment analysis"
137,0,0,0,1,0,0,"ChatGPT","Cancer Risk from Exposure to Particulate Matter and Ozone According to Obesity and Health-Related Behaviors: A Nationwide Population-Based Cross-Sectional Study"
138,1,0,0,0,1,0,"ChatGPT","Change in Public Concern and Responsive Behaviors Toward Air Pollution Under the Dome"
139,1,0,0,1,1,0,"ChatGPT","Change of air quality knowledge, perceptions, attitudes, and practices during and post-wildfires in the United States"
140,1,0,0,0,0,0,"ChatGPT","Characterizing air pollution risk perceptions among high-educated young generation in China: How does risk experience influence risk perception"
142,1,0,0,0,0,0,"ChatGPT","Chicago residents' perceptions of air quality: objective pollution, the built environment, and neighborhood stigma theory"
145,1,0,0,0,1,0,"ChatGPT","Citizen science on speed? Realising the triple objective of scientific rigour, policy influence and deep citizen engagement in a large-scale citizen science project on ambient air quality in Antwerp"
146,1,1,0,0,0,0,"ChatGPT","Citizens' Perception on Air Quality in Portugal-How Concern Motivates Awareness"
147,1,0,0,0,1,0,"ChatGPT","Citizens' perceptions regarding air pollution"
148,1,0,1,0,0,0,"ChatGPT","Clean air forever? A longitudinal analysis of opinions about air pollution and electric vehicles"
150,1,0,0,1,1,0,"ChatGPT","Cognitive and Affective Routes to the Adoption of Protective Behaviors Against Health Risks of PM2.5 in China"
152,0,0,0,0,1,0,"ChatGPT","Communicating particulate matter risk: the effects of empoweredness and trust in government information on protective behaviour"
153,1,0,0,1,0,0,"ChatGPT","Community Health Risk Awareness and Knowledge of Air Pollution in Annadale, Polokwane Local Municipality, Limpopo Province, South Africa"
154,1,0,0,0,1,0,"ChatGPT","Community knowledge, attitude and behaviour towards indoor air quality: A national cross-sectional study in Singapore"
155,1,0,1,1,1,0,"ChatGPT","Community perception about air pollution, willingness to pay and awareness about health risks in Chandigarh, India"
156,1,0,0,1,0,0,"ChatGPT","Community pharmacy as an information source about the air quality of cities. About an opinion study"
157,0,0,0,0,0,0,"ChatGPT","Commuting behaviors and exposure to air pollution in Montreal, Canada"
160,1,0,0,0,1,0,"ChatGPT","Comparison of knowledge, attitude and practice on haze among first and final year medical students in Universiti Putra Malaysia"
161,1,0,0,0,1,0,"ChatGPT","Comparison of knowledge, attitude and practice on haze among first and final year medical students in Universiti Putra Malaysia"
163,1,0,0,1,0,0,"ChatGPT","Concern over health effects of air pollution is associated to NO2 in seven European cities"
164,1,0,0,1,1,0,"ChatGPT","Concerns, performance, and awareness of people when experiencing haze and dust storms in Kermanshah"
166,0,0,1,1,0,0,"ChatGPT","Cost-of-illness and willingness-to-pay estimates of the benefits of improved air quality: Evidence from Taiwan"
169,1,0,0,1,0,0,"ChatGPT","Crystalline Silica Exposure and Air Quality Perception of Residents Living Around Home Stone Factories"
170,0,0,1,0,0,0,"ChatGPT","Current Air Pollution and Willingness to Pay for Better Air Quality: Revisiting the Temporal Reliability of the Contingent Valuation Method"
171,1,0,0,1,0,0,"ChatGPT","Data to Action: Community-Based Participatory Research to Address Concerns about Metal Air Pollution in Overburdened Neighborhoods near Metal Recycling Facilities in Houston"
172,1,0,1,0,1,0,"ChatGPT","Dataset on the Hanoian suburbanites' perception and mitigation strategies towards air pollution"
174,0,0,0,0,1,0,"ChatGPT","Determinants of Beijing Residents’ Intentions to Take Protective Behaviors against Smog: An Application of the Health Belief Model"
175,1,0,0,0,1,0,"ChatGPT","Determinants of Knowledge, Attitudes, Perceptions and Behaviors Regarding Air Pollution in Schoolchildren in Pristina, Kosovo"
176,1,0,0,0,0,0,"ChatGPT","Determinants of perceived air pollution annoyance and association between annoyance scores and air pollution (PM2.5, NO2) concentrations in the European EXPOLIS study"
177,0,0,1,0,0,0,"ChatGPT","Determinants of public acceptance for traffic-reducing policies to improve urban air quality"
179,1,0,1,0,0,0,"ChatGPT","Determining the knowledge level of pre-service elementary science teachers about air pollution"
180,0,0,0,0,1,0,"ChatGPT","Developing and Testing the Reliability and Validity of the Brief Haze Weather Health Protection Behavior Assessment Scale-Adolescent Version (BHWHPBAS-AV)"
181,1,0,0,0,0,0,"ChatGPT","Development and Validation of the Haze Risk Perception Scale and Influencing Factor Scale-A Study Based on College Students in Beijing"
182,1,0,0,0,0,0,"ChatGPT","Development and testing of the reliability and validity of the adolescent haze related knowledge awareness assessment scale (AHRKAAS)"
184,1,0,0,1,1,0,"ChatGPT","Development of an Air Pollution Risk Perception Questionnaire for Running Race Runners Based on the Health Belief Model"
186,1,0,0,0,0,0,"ChatGPT","Dichotomy of Predictor Variables of Indoor Air Quality and Prevailing Public Perception of Green Living Space-A Preliminary Assessment"
187,1,1,1,0,0,0,"ChatGPT","Differences in public's perception of air quality and acceptability of a clean air zone: A mixed-methods cross sectional study"
188,1,0,0,0,1,0,"ChatGPT","Differentiated effects of risk perception and causal attribution on public behavioral responses to air pollution: A segmentation analysis"
190,1,0,0,0,1,0,"ChatGPT","Distinctive role of toxic haze in promoting individual and collective pro-environmental behavior of the youth in Thailand"
191,0,0,1,0,0,0,"ChatGPT","Distributive justice concerns when combating air pollution: The joint modelling of attitudes and preferences"
192,1,0,1,0,0,0,"ChatGPT","Do Chinese Residents' Perceptions of Air Pollution Affect Their Evaluation of Central Government Performance? The Moderating Role of Environmental Knowledge"
193,1,0,0,0,1,0,"ChatGPT","Do Chinese Residents' Perceptions of Air Pollution Affect Their Pro-Environmental Behaviors: The Moderating Role of Environmental Knowledge"
194,1,0,0,0,0,0,"ChatGPT","Do Individual and Neighborhood Characteristics Influence Perceived Air Quality?"
195,1,0,0,0,1,0,"ChatGPT","Do attitudes toward air pollution influence climate change perception? Evidence from online customers in China"
196,0,0,1,0,0,0,"ChatGPT","Do policy clashes between the judiciary and the executive affect public opinion? Insights from New Delhi's odd-even rule against air pollution"
197,0,0,1,0,0,0,"ChatGPT","Do subjective well-being influence people's willingness to pay for improved air quality: evidence from China"
198,1,0,0,0,1,0,"ChatGPT","Does Haze Drive Pro-Environmental and Energy Conservation Behaviors? Evidence from the Beijing-Tianjin-Hebei Area in China"
199,1,0,0,0,0,0,"ChatGPT","Does interpersonal trust matter? the influence of interpersonal trust on haze risk perception"
206,0,0,1,0,0,0,"ChatGPT","Economic losses and willingness to pay for haze: the data analysis based on 1123 residential families in Jiangsu province, China"
207,1,0,1,0,0,0,"ChatGPT","Economic valuation and social perception of air pollution in Villavicencio, Colombia; [Valoración económica y percepción social de la contaminación atmosférica en Villavicencio, Colombia]"
208,1,0,0,0,1,0,"ChatGPT","Education background and monthly household income are factors affecting the knowledge, awareness and practice on haze pollution among Malaysians"
210,1,0,0,0,1,0,"ChatGPT","Effect of Using an Indoor Air Quality Sensor on Perceptions of and Behaviors Toward Air Pollution (Pittsburgh Empowerment Library Study): Online Survey and Interviews"
212,1,0,0,0,1,0,"ChatGPT","Effectiveness of a theory-based mobile phone text message intervention for improving protective behaviors of pregnant women against air pollution: a randomized controlled trial"
213,1,0,0,0,0,0,"ChatGPT","Effects of Ventilation Improvement on Measured and Perceived Indoor Air Quality in a School Building with a Hybrid Ventilation System"
216,1,0,0,0,0,0,"ChatGPT","Effects of environmental policy on public risk perceptions of haze in Tianjin City: A difference-in-differences analysis"
217,1,0,0,1,1,0,"ChatGPT","Effects of occupant behaviors on perceived dormitory air quality and sick building syndrome symptoms among female college students"
219,1,0,0,1,0,0,"ChatGPT","Effects of ventilation rate per person and per floor area on perceived air quality, sick building syndrome symptoms, and decision-making"
220,1,0,0,0,1,0,"ChatGPT","Empowering London Primary School Communities to Know and Tackle Air Pollution Exposure"
222,0,0,0,1,1,0,"ChatGPT","Energy, indoor air quality, occupant behavior, self-reported symptoms and satisfaction in energy-efficient dwellings in Switzerland"
223,1,0,0,0,0,0,"ChatGPT","Enhancing cardiovascular patients' knowledge of air pollution: a pilot study evaluating the impact of an educational intervention in cardiac rehabilitation"
225,1,0,1,0,0,0,"ChatGPT","Environmental Degradation and Public Opinion: The Case of Air Pollution in Vietnam"
227,1,0,0,1,0,0,"ChatGPT","Environmental conflicts in the South Durban Basin: Integrating residents' perceptions and concerns resulting from air pollution"
231,1,0,0,0,1,0,"ChatGPT","Evaluating smog awareness and preventive practices among Pakistani general population: a cross-sectional survey"
232,0,0,0,0,0,0,"ChatGPT","Evaluating the effectiveness of air pollution abatement policy of Hong Kong"
233,1,0,0,0,0,0,"ChatGPT","Evaluation of BTEX concentration and indoor air quality perceptions in platforms and train"
235,1,0,0,0,1,0,"ChatGPT","Examining How Communication and Knowledge Relate to Singaporean Youths' Perceived Risk of Haze and Intentions to Take Preventive Behaviors"
236,1,0,0,1,1,0,"ChatGPT","Examining Patterns of Air Quality Perception: A Cluster Analysis for Southern Chilean Cities"
237,1,0,0,1,0,0,"ChatGPT","Examining Relationships between Perceptions of Air Quality—Objectively Assessed Particulate Matter—And Health-Related Attributions among Midlife and Older Adults from the San Francisco Bay Area, California, USA"
238,1,0,0,0,0,0,"ChatGPT","Examining localized patterns of air quality perception in Texas: A spatial and statistical analysis"
242,1,0,0,0,1,0,"ChatGPT","Exploring impacts of perceived and actual air pollution on commuters' mode choice"
243,0,0,1,0,0,0,"ChatGPT","Exploring mitigation strategies for smog crisis in Lahore: a review for environmental health, and policy implications"
244,1,0,0,0,1,0,"ChatGPT","Exploring public perceptions of indoor air quality under different quasi-experimental conditions: a UK case study"
245,1,0,0,0,1,0,"ChatGPT","Exploring the Association between Air Pollution and Active School Transportation: Perceptions of Children and Youth in India"
246,1,0,0,0,0,0,"ChatGPT","Exploring the Knowledge Level of Interior Architecture and Environmental Design Students' on Indoor Air Pollutants"
248,0,0,0,0,1,0,"ChatGPT","Exploring urban resident's vehicular PM2.5 reduction behavior intention: An application of the extended theory of planned behavior"
249,1,0,0,1,0,0,"ChatGPT","Exposure and perception of PM2.5 pollution on the mental stress of pregnant women"
250,1,0,0,0,0,0,"ChatGPT","Exposure characteristics and residents' perception of air pollution in neighborhood parks: The case of the Guangzhou Central Urban Area; [社区公园空气污染暴露特征及其居民感知:以广州市中心城区为例]"
251,1,0,0,1,0,0,"ChatGPT","Exposure to Indoor Air Pollution and Its Perceived Impact on Health of Women and their Children: A Household Survey in a Slum of Kolkata, India"
252,1,0,0,0,0,0,"ChatGPT","Exposure to online news about air pollution and public trust in regulators in China: a moderated mediation analysis of perceived risk and perceived news credibility"
253,1,0,0,0,0,0,"ChatGPT","Extending the dimensions of personal exposure assessment: A methodological discussion on perceived and measured noise and air pollution in traffic"
254,1,0,0,1,1,0,"ChatGPT","Factors Influencing Health Behavior Related to Particulate Matter in Older Adults"
255,1,0,0,0,0,0,"ChatGPT","Factors affecting parent’s perception on air quality-from the individual to the community level"
257,1,0,1,0,1,0,"ChatGPT","Factors governing the willingness to pay for air pollution treatment: A case study in the Beijing-Tianjin-Hebei region"
258,1,0,0,1,1,0,"ChatGPT","Factors influencing health behavior related to particulate matter in older adults"
259,1,0,0,0,1,0,"ChatGPT","Factors influencing protective behaviours during haze episodes in Singapore: A population-based study"
262,1,0,0,0,1,0,"ChatGPT","From Interior Aesthetics to Perceived Indoor Air Quality: A Home Halo Effect"
263,1,0,1,0,1,0,"ChatGPT","From environmental knowledge to encouraging pro-environmental behavior for air pollution control in Isfahan: a highly air-polluted city in central Iran"
266,1,0,0,1,1,0,"ChatGPT","General Public Knowledge, Attitude, and Practice Regarding the Impact of Air Pollution and Cardiopulmonary Diseases in Jeddah, Saudi Arabia"
267,1,0,1,0,0,0,"ChatGPT","Government employees' perception of urban air pollution and willingness to pay for improved quality: a cross-sectional survey study in Nanchang, China"
268,0,0,1,0,0,0,"ChatGPT","Haze Attitudes and the Willingness to Pay for Haze Improvement: Evidence from Four Cities in Shandong Province, China"
269,0,0,0,0,1,0,"ChatGPT","Haze weather health protection behavior and associated factors in adolescents; [青少年雾霾天气健康防护行为及相关影响因素]"
270,0,0,1,0,0,0,"ChatGPT","Haze, health, and income: An integrated model for willingness to pay for haze mitigation in Shanghai, China"
271,0,0,0,0,1,0,"ChatGPT","Haze-related health protective behaviors among citizens in Beijing city: an online survey; [北京市居民雾霾风险与控制防护行为调查]"
272,1,0,0,1,0,0,"ChatGPT","Health and perception of cabin air quality among Swedish commercial airline crew"
274,1,0,0,1,1,0,"ChatGPT","Health risks and perceptions of residents exposed to multiple sources of air pollutions: A cross-sectional study on landfill and stone mining in Danang city, Vietnam"
275,0,0,0,1,0,0,"ChatGPT","Health status and air pollution related socioeconomic concerns in urban China"
276,0,0,0,0,0,0,"ChatGPT","Household and behavioral determinants of indoor PM2.5 in a rural solid fuel burning Native American community"
277,0,0,1,0,1,0,"ChatGPT","How Do Travellers Respond to Health and Environmental Policies to Reduce Air Pollution?"
279,1,0,0,1,0,0,"ChatGPT","How Does News Media Exposure Amplify Publics' Perceived Health Risks About Air Pollution in China? A Conditional Media Effect Approach"
280,1,0,0,1,0,0,"ChatGPT","How Does News Media Exposure Amplify Publics’ Perceived Health Risks About Air Pollution in China? A Conditional Media Effect Approach"
281,1,0,0,0,0,0,"ChatGPT","How Media's factor and governmental factor affected individual's opinion on haze in China"
282,1,0,1,0,0,0,"ChatGPT","How Smog Awareness Influences Public Acceptance of Congestion Charge Policies"
283,0,0,0,1,1,0,"ChatGPT","How Social Media Exposure to Health Information Influences Chinese People's Health Protective Behavior during Air Pollution: A Theory of Planned Behavior Perspective"
285,0,0,0,0,1,0,"ChatGPT","How does air pollution affect household energy expenditure: A micro-empirical study based on avoidance behavior"
287,0,0,0,0,1,0,"ChatGPT","How does air pollution influence cycling behaviour? Evidence from Beijing"
288,1,0,0,1,1,0,"ChatGPT","How teacher behaviors and perceptions, air change rates, and portable air purifiers affect indoor air quality in naturally ventilated schools"
289,1,0,1,0,0,0,"ChatGPT","How to Improve Environment Performance? The Comparison of Stakeholder Perceptions on How to Improve Air Quality in China"
291,1,0,0,1,0,0,"ChatGPT","IN TRAIN AIR QUALITY ANALYSIS OF THE PUBLIC RAILWAY TRANSIT AND PUBLIC PERCEPTION ON IN-TRAIN AIR QUALITY IN MALAYSIA"
292,1,0,0,1,0,0,"ChatGPT","INDOOR AIR QUALITY AT HIGHER INSTITUTION'S LABORATORY: A STUDY ON PRE-SYMPTOMS, AWARENESS AND UNDERSTANDING AMONG OCCUPANTS"
293,1,0,0,1,0,0,"ChatGPT","Impact of 2013 south Asian haze crisis: study of physical and psychological symptoms and perceived dangerousness of pollution level"
296,1,0,0,1,0,0,"ChatGPT","Impact of Perceptions of Air Pollution and Noise on Subjective Well-Being and Health"
297,1,0,1,0,1,0,"ChatGPT","Impact of Stove Renovation on PM2.5 Exposure, Risk Perception, Self-Protective Willingness of Rural Residents"
298,1,0,1,0,0,0,"ChatGPT","Impact of air pollution perception on environmental governance satisfaction"
299,0,0,0,1,0,0,"ChatGPT","Impact of air quality on students' behavior in the Educational Centers"
300,0,0,0,1,1,0,"ChatGPT","Impact of ambient fine particulate matter air pollution on health behaviors: a longitudinal study of university students in Beijing, China"
301,0,0,0,0,1,0,"ChatGPT","Impact of haze on travel mode choice behaviors for private car owners"
304,0,0,0,0,0,1,"ChatGPT","In search of fresher air: The influence of relative air quality on vacationers' perceptions of destinations' restorative qualities"
306,0,0,1,0,0,0,"ChatGPT","Income Elasticity of Willingness to Pay for Better Air Quality: Effect of a Private Environmental Substitute"
307,0,0,1,0,0,0,"ChatGPT","Individual-Level Determinants of the Public Acceptance of Policy Measures to Improve Urban Air Quality: The Case of the Barcelona Low Emission Zone"
308,1,0,0,1,0,0,"ChatGPT","Indoor Air Pollution and Human Perception in Public Buildings in Tianjin, China"
310,1,0,0,1,1,0,"ChatGPT","Indoor Air Quality: Predicting and Comparing Protective Behaviors in Germany and Portugal"
311,1,0,0,0,1,0,"ChatGPT","Indoor air pollution an ignored public health issue: Study to find the awareness and practices regarding indoor air pollution in a rural setting near Chennai"
313,1,0,0,0,1,0,"ChatGPT","Indoor air pollution: an Italian Knowledge, Attitude and Practice (KAP) study among the general population"
314,1,0,0,1,0,0,"ChatGPT","Indoor air quality at higher institution’s laboratory: A study on pre-symptoms, awareness and understanding among occupants"
316,1,0,0,1,0,0,"ChatGPT","Indoor air quality: analytical evaluation and workers' perception"
318,1,0,0,1,1,0,"ChatGPT","Influence of haze in urban greenspace on behavioral decision-making and physical and mental health of the elderly; [城市绿地雾霾对老年人行为决策与身心健康的影响]"
319,0,0,0,0,0,1,"ChatGPT","Influence of travel behaviour and daily mobility on exposure to traffic-related air pollution"
320,1,0,0,0,0,0,"ChatGPT","Influencing factors of air-quality perception in China: What is constructed? What is hidden?"
321,1,0,0,0,0,0,"ChatGPT","Influential Factors of Air Pollution Awareness in Isfahan, Iran"
322,0,0,0,0,1,0,"ChatGPT","Information and avoidance behaviour: The effect of air pollution disclosure on labour supply in China"
323,0,0,0,0,0,1,"ChatGPT","Integrating travel behavior with land use regression to estimate dynamic air pollution exposure in Hong Kong"
326,1,0,0,0,0,0,"ChatGPT","Internet usage, environmental knowledge, and the surge of air pollution concern in China"
327,1,0,1,0,0,0,"ChatGPT","Introducing forecast-based public health warnings to promote engagement with air quality risk: a survey of citizens' attitudes in Cork, Ireland"
328,0,0,0,0,1,0,"ChatGPT","Inverted quarantine in the face of environmental change: Initiative defensive behaviors against air pollution in China"
329,1,0,0,1,1,0,"ChatGPT","Investigating Cooking Activity Patterns and Perceptions of Air Quality Interventions among Women in Urban Rwanda"
333,1,0,0,0,0,0,"ChatGPT","Is ignorance bliss? Evaluating information awareness and life satisfaction through the lens of perceived air pollution: The case of Beijing, China"
334,0,0,1,0,0,0,"ChatGPT","Is there a stronger willingness to pay for air quality improvement with high education: new evidence from a survey in China"
335,1,0,0,1,0,0,"ChatGPT","KNOWLEDGE OF GEORGIAN POPULATION TOWARDS AIR POLLUTION AND HEALTH EFFECTS OF LEAD CONTAMINATION; [ЗНАНИЯ НАСЕЛЕНИЯ ГРУЗИИ О ЗАГРЯЗНЕНИИ ВОЗДУХА И ПОСЛЕДСТВИЯХ ВОЗДЕЙСТВИЯ СВИНЦА НА ЗДОРОВЬЕ]"
336,1,0,0,0,0,0,"ChatGPT","Knowledge Regarding Household Air Pollution"
337,1,0,0,0,0,0,"ChatGPT","Knowledge and awareness about India’s air pollution plummets level in COVID19 lockdown"
338,1,0,0,1,0,0,"ChatGPT","Knowledge and awareness on air pollution as a risk factor for alzheimer’s disease and dementia-a survey"
339,1,0,0,0,1,0,"ChatGPT","Knowledge and perception of smog in families of employees of CMH Lahore, Pakistan"
340,1,0,0,0,1,0,"ChatGPT","Knowledge and perceptions of air pollution in Ningbo, China"
341,1,0,0,0,1,0,"ChatGPT","Knowledge and practice of asthmatic children's parents about daily air quality"
342,1,0,0,1,1,0,"ChatGPT","Knowledge of the effects of indoor air quality on health among women in Jordan"
343,1,0,0,1,0,0,"ChatGPT","Knowledge, Attitude and Awareness on Effect of Air Pollution on Children among Parents"
344,1,0,0,1,0,0,"ChatGPT","Knowledge, Attitudes, and Perceptions of Air Pollution in Accra, Ghana: A Critical Survey"
345,1,0,1,1,1,0,"ChatGPT","Knowledge, Attitudes, and Practices (KAP) of the Relationship between Air Pollution and Children's Respiratory Health in Shanghai, China"
346,1,0,0,1,1,0,"ChatGPT","Knowledge, Attitudes, and Practices Regarding Air Pollution among Medical Students"
347,1,0,0,1,1,0,"ChatGPT","Knowledge, attitudes and practices about air pollution and its health effects in 6th to 11th-grade students in Colombia: a cross-sectional study"
348,1,0,0,1,1,0,"ChatGPT","Knowledge, attitudes, practices and information demand in relation to haze in China: a cross-sectional study"
349,1,0,0,1,1,0,"ChatGPT","Knowledge, opinions and attitudes of physicians regarding air pollution in the county of the Bouches-du-Rhone"
350,1,0,0,0,1,0,"ChatGPT","Knowledge, opinions and attitudes of physicians regarding air pollution in the county of the Bouches-du-Rhone; [Connaissances, opinions et attitudes des medecins face a la pollution atmospherique dans les Bouches-du-Rhone]"
351,0,0,1,0,0,0,"ChatGPT","Korean perceptions of transboundary air pollution and domestic coal development: Two framing experiments"
352,1,0,0,1,1,0,"ChatGPT","LOCAL PERCEPTION OF INDOOR AIR POLLUTION WITH USE OF BIOFUEL IN RURAL COMMUNITIES OF UCHALLI WETLANDS COMPLEX, SALT RANGE PAKISTAN"
355,1,0,0,1,1,0,"ChatGPT","Latino and Non-Latino Perceptions of the Air Quality in California's San Joaquin Valley"
356,1,0,0,0,0,0,"ChatGPT","Left behind in perception of air pollution? A hidden form of spatial injustice in China"
357,1,0,0,0,0,0,"ChatGPT","Level of Awareness about Air Pollution among Decision-makers in Jordan: Unveiling Important COPD Etiology"
358,1,0,0,0,1,0,"ChatGPT","Linking Occupant Behavior and Window Design through Post-Occupancy Evaluation: Enhancing Natural Ventilation and Indoor Air Quality"
359,0,0,1,0,0,0,"ChatGPT","Linking urban air pollution with residents' willingness to pay for greenspace: A choice experiment study in Beijing"
360,1,0,0,1,1,0,"ChatGPT","Local perception of indoor air pollution with use of biofuel in rural communities of Uchalli Wetlands complex, salt range Pakistan"
364,1,0,0,1,0,0,"ChatGPT","METHODICAL APPROACHES TO ASSESSING SUBJECTIVE HEALTH RISK PERCEPTION BY POPULATION UNDER EXPOSURE TO AMBIENT AIR POLLUTION; [МЕТОДИЧЕСКИЕ ПОДХОДЫ К ОЦЕНКЕ СУБЪЕКТИВНОГО ВОСПРИЯТИЯ РИСКА НАСЕЛЕНИЕМ ПРИ ВОЗДЕЙСТВИИ ЗАГРЯЗНЕНИЯ АТМОСФЕРНОГО ВОЗДУХА НА ЗДОРОВЬЕ]"
365,1,0,0,0,1,0,"ChatGPT","MODELLING THE COMMUNITY ADAPTIVE BEHAVIOUR TOWARDS AIR POLLUTION: A CONFIRMATORY FACTOR ANALYSIS WITH PLS-SEM"
366,1,0,0,1,1,0,"ChatGPT","MODIFICATIONS OF HEALTH BEHAVIOR IN RESPONSE TO AIR-POLLUTION NOTIFICATIONS IN COPENHAGEN"
371,0,0,1,0,0,0,"ChatGPT","Measuring Indoor Air Quality and Engaging California Indian Stakeholders at the Win-River Resort and Casino: Collaborative Smoke-Free Policy Development"
372,0,0,1,0,0,0,"ChatGPT","Measuring the Willingness to Pay for Improved Air Quality: A Contingent Valuation Survey"
373,1,0,0,1,0,0,"ChatGPT","Metrics on Perception,concentration and Characterization of Indoor Air Quality in a University Library"
374,0,0,0,0,0,1,"ChatGPT","Mining association rules between lichens and air quality to support urban air quality monitoring in Nigeria"
375,1,0,0,0,1,0,"ChatGPT","Misperception and pro-environmental behaviors of the Chinese public toward air pollution"
377,1,0,0,1,0,0,"ChatGPT","Modeled and perceived RF-EMF, noise and air pollution and symptoms in a population cohort. Is perception key in predicting symptoms?"
379,0,0,1,0,1,0,"ChatGPT","Modeling the impacts of policy measures on resident's PM2.5 reduction behavior: an agent-based simulation analysis"
381,1,0,0,0,0,0,"ChatGPT","Monitoring Indoor Air Quality in Classrooms Using Low-Cost Sensors: Does the Perception of Teachers Match Reality?"
382,1,0,0,0,0,0,"ChatGPT","Monitoring Particulate Matter with Wearable Sensors and the Influence on Student Environmental Attitudes"
384,1,0,0,1,0,0,"ChatGPT","Multinomial logistic regression modelling of cardiologists' awareness of the impact of air pollution on cardiovascular disease in Vietnam and the Philippines"
385,0,0,0,1,0,0,"ChatGPT","Neighborhood Perceptions and Cumulative Impacts of Low Level Chronic Exposure to Fine Particular Matter (PM2.5) on Cardiopulmonary Health"
386,1,0,0,1,0,0,"ChatGPT","No Country for Old Men. Assessing Socio-Spatial Relationships Between Air Quality Perceptions and Exposures in Southern Chile"
387,1,0,0,0,0,0,"ChatGPT","Objective air quality index versus subjective perception: which has a greater impact on life satisfaction?"
388,1,0,0,0,1,0,"ChatGPT","Objectively measured association between air pollution and physical activity, sedentary behavior in college students in Beijing"
390,1,0,0,1,0,0,"ChatGPT","Occupational risk factors and perceptions of air pollution by motorcycle taxi drivers in Cotonou, Benin"
393,1,0,0,1,1,0,"ChatGPT","Open waste burning contrary to other air pollution-related perceptions and practices in Pokhara, Nepal"
398,0,0,1,0,0,0,"ChatGPT","Ordering effects in contingent valuation surveys: Willingness to pay for reduced health damage from air pollution"
399,1,0,0,1,1,0,"ChatGPT","Outdoor Air Quality Awareness, Perceptions, and Behaviors Among US Children Aged 12-17 Years, 2015-2018"
401,0,0,0,0,1,0,"ChatGPT","PASSING THE TEST - HUMAN-BEHAVIOR AND CALIFORNIA SMOG CHECK PROGRAM"
403,1,0,0,1,0,0,"ChatGPT","PERCEIVED INDOOR AIR QUALITY, AIR-RELATED SYMPTOMS AND VENTILATION IN FINNISH HOSPITALS"
404,1,0,0,1,1,0,"ChatGPT","PERCEIVED TRAFFIC AIR-POLLUTION, ASSOCIATED BEHAVIOR AND HEALTH IN AN ALPINE AREA"
406,0,0,1,0,0,0,"ChatGPT","POLICY CHOICES FOR AIR POLLUTION ABATEMENT IN BEIJING: STATUS QUO OR CHANGE"
407,1,0,0,0,0,0,"ChatGPT","PRE-SERVICE SCIENCE TEACHERS' KNOWLEDGE LEVEL ABOUT SOME BASIC AIR POLLUTANTS"
408,1,0,0,1,1,0,"ChatGPT","Parental knowledge and usage of air quality in childhood asthma management"
409,1,0,0,1,1,0,"ChatGPT","Participation in a programme for assisted replacement of wood-burning stoves in Chile: The role of sociodemographic factors, evaluation of air quality and risk perception"
411,1,0,0,1,1,0,"ChatGPT","Particulate matter pollution in central Bangkok: assessing outdoor workers’ perceptions and exposure"
412,1,0,0,0,1,0,"ChatGPT","Particulate matter source attribution and restaurant mitigation behavioral intentions: an application of attribution theory"
413,1,0,0,1,0,0,"ChatGPT","Patient Awareness of the Risks for Heart Disease Posed by Air Pollution"
414,1,1,0,1,1,0,"ChatGPT","Patient perception of air pollution at the National Institute of Respiratory Diseases; [COMO PERCIBEN LOS PACIENTES DEL INSTITUTE NACIONAL DE ENFERMEDADES RESPIRATORIAS LA CONTAMINACION DEL AIRE]"
415,1,0,0,0,0,0,"ChatGPT","Pedestrianization Impacts on Air Quality Perceptions and Environment Satisfaction: The Case of Regenerated Streets in Downtown Seoul"
417,1,0,0,1,0,0,"ChatGPT","People, place and pollution: Investigating relationships between air quality perceptions, health concerns, exposure, and individual- and area-level characteristics"
419,0,0,0,1,0,0,"ChatGPT","Perceived access to recreational/green areas as an effect modifier of the relationship between health and neighbourhood noise/air quality: Results from the 3rd European Quality of Life Survey (EQLS, 2011-2012)"
420,1,0,0,0,0,0,"ChatGPT","Perceived air pollution caused by human bioeffluents - Part 1 pilot study on bioeffluents expressed with VOCs -"
422,1,0,0,0,0,0,"ChatGPT","Perceived air quality and particulate matter pollution based on field survey data during a winter period"
423,1,0,0,0,0,0,"ChatGPT","Perceived air quality and satisfaction during implementation of an automated indoor air quality monitoring and control system"
424,1,0,1,1,1,0,"ChatGPT","Perceived health risk, environmental knowledge, and contingent valuation for improving air quality: New evidence from the Jinchuan mining area in China"
425,1,0,0,0,0,0,"ChatGPT","Perceived indoor air quality and its relationship to air pollutants in French dwellings"
426,1,0,0,0,0,0,"ChatGPT","Perceived indoor air quality in naturally ventilated primary schools in the UK: Impact of environmental variables and thermal sensation"
427,1,0,0,1,0,0,"ChatGPT","Perception Matters: Perceived vs. Objective Air Quality Measures and Asthma Diagnosis among Urban Adults"
428,1,0,0,1,0,0,"ChatGPT","Perception and reality of particulate matter exposure in New York City taxi drivers"
429,1,0,0,1,1,0,"ChatGPT","Perception and role of physicians in the midst of the air quality crisis in Nuevo León, México"
430,1,0,0,0,0,0,"ChatGPT","Perception matters: How air pollution influences life satisfaction in China"
431,1,0,1,0,0,0,"ChatGPT","Perception of Air Pollution and the Evaluation of Local Governments' Environmental Governance: An Empirical Study on China"
432,1,0,0,1,0,0,"ChatGPT","Perception of Risks from Wood Combustion and Traffic Induced Air Pollution: Evidence from Northern Europe"
433,1,0,0,1,0,0,"ChatGPT","Perception of air pollution and health concern: Deciphering a complex relationship in Kansas City"
435,1,0,0,0,1,0,"ChatGPT","Perception of commuters towards air quality in Delhi"
436,1,0,0,1,0,0,"ChatGPT","Perception of health risks due to air pollution in adolescents in Mexico City"
437,1,0,0,1,0,0,"ChatGPT","Perception of health risks due to air pollution in adolescents in Mexico City; [Percepción de riesgo a la salud por contaminación del aire en adolescentes de la Ciudad de México]"
438,1,0,0,1,0,0,"ChatGPT","Perception of indoor air quality (IAQ) by workers in underground shopping centers in relation to sick-building syndrome (SBS) and store type: a cross-sectional study in Korea"
440,1,0,0,0,1,0,"ChatGPT","Perception of risk from air pollution and reported behaviors: a cross-sectional survey study in four cities"
441,1,1,1,1,1,0,"ChatGPT","Perception of the health risks of air pollution in Beirut, Lebanon"
442,1,0,0,0,0,0,"ChatGPT","Perception of worry of harm from air pollution: results from the Health Information National Trends Survey (HINTS)"
443,1,0,0,0,1,0,"ChatGPT","Perceptions about air quality of individuals who work outdoors in the San Joaquin Valley, California"
444,1,0,1,0,0,0,"ChatGPT","Perceptions and attitudes to air pollution in an asbestos mining town"
445,1,0,0,0,0,0,"ChatGPT","Perceptions in the US building industry of the benefits and costs of improving indoor air quality"
446,1,1,0,1,0,0,"ChatGPT","Perceptions of Quality of Life and Pollution among China's Urban Middle Class: The Case of Smog in Tangshan"
447,1,0,0,1,0,0,"ChatGPT","Perceptions of air pollution during the work-related commute by adults in Queensland, Australia"
448,1,0,0,1,0,0,"ChatGPT","Perceptions of air quality and concern for health in relation to long-term air pollution exposure, bushfires, and COVID-19 lockdown: A before-and-after study"
449,1,1,0,0,0,0,"ChatGPT","Perceptions of air quality in Ljubljana"
450,1,0,0,1,0,0,"ChatGPT","Perceptions of indoor air quality associated with ventilation system types in elementary schools"
451,1,0,1,0,0,0,"ChatGPT","Perceptions of problems and preferences for solutions: The case of poor air quality in central-southern Chile"
452,1,0,0,1,1,0,"ChatGPT","Perceptions of volcanic air pollution and exposure reduction practices on the Island of Hawai'i: Working towards socially relevant risk communication"
454,0,0,0,0,1,0,"ChatGPT","Personal and Media Factors Related to Citizens' Pro-environmental Behavioral Intention against Haze in China: A Moderating Analysis of TPB"
455,1,0,0,0,1,0,"ChatGPT","Personal exposure monitoring using GPS-enabled portable air pollution sensors: A strategy to promote citizen awareness and behavioral changes regarding indoor and outdoor air pollution"
456,1,0,0,1,0,0,"ChatGPT","Personal exposure to indoor aerosols as actual concern: Perceived indoor and outdoor air quality, and health performances"
460,1,0,1,0,1,0,"ChatGPT","Policy Compliance and Ritual Maintenance Dilemma: Can Chinese Folk Temples' Air Pollution Control Measures Ensure Visitor Satisfaction?"
465,0,0,1,0,0,0,"ChatGPT","Poor Air Quality during Wildfires Related to Support for Public Safety Power Shutoffs"
466,1,0,0,0,0,0,"ChatGPT","Poor awareness and knowledge about indoor air pollution in the urban population of Mumbai, India"
467,1,1,0,0,0,0,"ChatGPT","Population's perception on air pollution in Beirut"
468,0,0,0,1,0,0,"ChatGPT","Potential Impacts of Modifiable Behavioral and Environmental Exposures on Reducing Burden of Under-five Mortality Associated with Household Air Pollution in Nepal"
469,1,0,0,0,0,0,"ChatGPT","Pre-service science teachers' knowledge level about some basiasic air pollutantsollutantsollutants"
470,1,0,0,1,1,0,"ChatGPT","Predicting Intention to Take Protective Measures During Haze: The Roles of Efficacy, Threat, Media Trust, and Affective Attitude"
471,1,0,1,0,1,0,"ChatGPT","Predicting public smog reduction behavior: Exploring the role of perceived risk and financial incentive policy"
472,0,0,0,0,1,0,"ChatGPT","Predicting the Protective Behavioral Intentions for Parents with Young Children Living in Taipei City and New Taipei City Using the Theory of Planned Behavior for Air Polluted with PM2.5"
473,0,0,1,0,1,0,"ChatGPT","Predicting the impacts of psychological factors and policy factors on individual's PM2.5 reduction behavior: An empirical study in China"
474,0,0,0,0,1,0,"ChatGPT","Predicting the protective behavioral intentions for parents with young children that possess different levels of education in Hong Kong using the theory of planned behavior for air polluted with PM2.5"
477,1,1,0,1,1,0,"ChatGPT","Preliminary Survey on Knowledge, Attitudes, and Practices about Indoor Air Pollution among Residents"
478,1,0,0,1,1,0,"ChatGPT","Preliminary analysis of a questionnaire for assessing the social perception of air pollution; [Análisis preliminar de un cuestionario de evaluación de la percepción social de la contaminación atmosférica]"
479,0,0,0,1,0,0,"ChatGPT","Prenatal Exposure to Traffic-related Air Pollution and Child Behavioral Development Milestone Delays in Japan"
482,0,0,0,0,0,0,"ChatGPT","Private benefits from ambient air pollution reduction policies: Evidence from the household heating stove replacement program in Chile"
483,0,0,1,0,1,0,"ChatGPT","Propensity to Migrate and Willingness to Pay Related to Air Pollution among Different Populations in Wuhan, China"
484,0,0,0,0,1,0,"ChatGPT","Protective Behaviors Against Particulate Air Pollution: Self-construal, Risk Perception, and Direct Experience in the Theory of Planned Behavior"
485,1,0,0,1,0,0,"ChatGPT","Proximity to busy highways and local resident perceptions of air quality"
488,1,0,0,0,1,0,"ChatGPT","Public Behavior in Korea and China in Acquiring Particulate Matter Information"
490,1,0,0,0,1,0,"ChatGPT","Public Perception Survey of Air Quality and Quality of Life in Urban Areas"
491,1,0,0,1,0,0,"ChatGPT","Public Perceptions of Climate Change and Its Health Impacts: Taking Account of People's Exposure to Floods and Air Pollution"
492,1,0,0,0,0,0,"ChatGPT","Public Perceptions of How Long Air Pollution and Carbon Dioxide Remain in the Atmosphere"
494,0,0,1,0,0,0,"ChatGPT","Public Value of Enforcing the PM2.5 Concentration Reduction Policy in South Korean Urban Areas"
495,0,0,1,0,0,0,"ChatGPT","Public acceptability of policies to reduce urban air pollution: A population-based survey experiment; [Aceptabilidad pública de las políticas de reducción de la contaminación atmosférica urbana: Un experimento a partir de encuesta poblacional]"
496,1,0,1,0,0,0,"ChatGPT","Public acceptance of congestion pricing policies in Beijing: The roles of neighborhood built environment and air pollution perception"
497,1,0,1,1,1,0,"ChatGPT","Public awareness and practices towards health impacts of PM2.5 in the Kingdom of Bahrain: Identifying areas for intervention"
498,1,0,1,1,1,0,"ChatGPT","Public awareness and support for environmental protection-A focus on air pollution in peninsular Malaysia"
499,1,0,0,1,1,0,"ChatGPT","Public awareness, perceptions and attitudes on air pollution and its health effects in Muscat, Oman"
500,0,0,0,0,1,0,"ChatGPT","Public behavior in reducing urban air pollution: an application of the theory of planned behavior in Lahore"
501,1,1,0,0,0,0,"ChatGPT","Public concern for air quality: Explaining change in toronto, canada, 1967–1978"
502,1,0,1,1,1,0,"ChatGPT","Public engagements with smog in urban China: Knowledge, trust, and action"
504,1,0,1,0,0,0,"ChatGPT","Public participation and policy evaluation in China's smog governance"
505,1,0,1,1,0,0,"ChatGPT","Public perception of air pollution and health effects in Nanchang, China"
506,1,0,0,0,0,0,"ChatGPT","Public perception of air pollution sources across Europe"
509,1,0,0,0,1,0,"ChatGPT","Public perception of smog: A case study in Ningbo City, China"
510,1,0,0,1,1,0,"ChatGPT","Public perceptions of air pollution and associated health risks in Nevada, USA: applications for health communication"
511,1,0,0,0,0,0,"ChatGPT","Public perceptions of air pollution and climate change: different manifestations, similar causes, and concerns"
512,1,0,0,1,0,0,"ChatGPT","Public perceptions of air pollution and its health impacts in Greater Kuala Lumpur"
513,1,1,0,0,0,0,"ChatGPT","Public perceptions of air pollution and its impacts on fertility desire: a nationwide study in China"
514,1,1,0,0,0,0,"ChatGPT","Public perceptions of air quality and quality of life in urban and suburban areas of London"
515,1,0,1,1,0,0,"ChatGPT","Public perceptions of air quality status and suggestions for improvement: The case of Richards Bay and its surroundings, uMhlathuze Local Municipality, South Africa"
516,1,0,0,0,1,0,"ChatGPT","Public risk perception and intention to take actions on city smog in China"
517,1,0,0,0,1,0,"ChatGPT","Public risk perception and willingness to mitigate climate change: city smog as an example"
518,1,0,0,0,0,0,"ChatGPT","Public risk perception of air pollution in the general population of Italy and Sweden during the COVID-19 pandemic: Environmental and socio-demographic drivers"
519,1,0,0,1,1,0,"ChatGPT","Public smog knowledge, risk perception, and intention to reduce car use: Evidence from China"
520,1,0,0,1,0,0,"ChatGPT","Public’s health risk awareness on urban air pollution in Chinese megacities: The cases of Shanghai, Wuhan and Nanchang"
521,1,0,1,1,0,0,"ChatGPT","Quantitative Analysis of Health Risk Perception, Exposure Levels, and Willingness to Pay/Accept of PM2.5 during the 2014 Nanjing Youth Olympic Games"
523,0,0,0,0,1,0,"ChatGPT","RESEARCH ON COPING BEHAVIOR OFCOLLEGE STUDENTS' OUTDOOR PHYSICAL EXERCISES IN HAZE WEATHER"
525,1,0,0,1,0,0,"ChatGPT","Racial Differences in Perceptions of Air Pollution Health Risk: Does Environmental Exposure Matter?"
527,1,0,1,0,0,0,"ChatGPT","Red warning for air pollution in China: Exploring residents' perceptions of the first two red warnings in Beijing"
528,0,0,1,0,0,0,"ChatGPT","Regional Differences in Willingness to Pay for Mitigation of Air Pollution from Coal-Fired Power Plants in South Korea"
530,0,0,0,1,0,0,"ChatGPT","Relationships between perceived health status and ambient air quality parameters in healthy Japanese: a panel study"
531,1,0,0,0,0,0,"ChatGPT","Research on Analysis of Evaluation Influence Factors of Air Quality Opinions Sentiment Value and Quantification Method"
532,1,0,0,1,1,0,"ChatGPT","Research on Coping Behaviour of School Sports Participants in Smog Environment Based on Risk Cognition and Communication"
534,1,0,0,1,1,0,"ChatGPT","Research on public risk perception of air pollution in Tiaqjin and Shijiazhuang"
535,1,0,0,0,0,0,"ChatGPT","Residential exposure to outdoor air pollution from livestock operations and perceived annoyance among citizens"
536,0,0,0,1,0,0,"ChatGPT","Residential surrounding green, air pollution, traffic noise and self-perceived general health"
537,1,1,0,1,1,0,"ChatGPT","Residents' Perceptions of and Response Behaviors to Particulate Matter-A Case Study in Seoul, Korea"
538,1,1,1,0,0,0,"ChatGPT","Residents' perception of air quality, pollution sources, and air pollution control in Nanchang, China"
539,0,0,1,0,0,0,"ChatGPT","Residents' preferred measures and willingness-to-pay for improving urban air quality: A case study of Hanoi city, Vietnam"
540,1,0,0,1,0,0,"ChatGPT","Respiratory symptoms, perceived air quality and physiological signs in elementary school pupils in relation to displacement and mixing ventilation system: an intervention study"
544,1,0,1,0,1,0,"ChatGPT","Risk Perception on Haze Pollution and Willingness to Pay for Self-Protection and Haze Management in Chiang Mai Province, Northern Thailand"
545,0,0,0,0,1,0,"ChatGPT","Risk Reduction Behaviors Regarding PM2.5 Exposure among Outdoor Exercisers in the Nanjing Metropolitan Area, China"
546,1,0,1,0,0,0,"ChatGPT","Risk perceptions and value of a statistical life for air pollution and traffic accidents: Evidence from Bangkok, Thailand"
547,1,0,1,0,1,0,"ChatGPT","Roles of socio-physical environments on air quality control policy with respect to knowledge, attitude and intention"
548,1,1,0,0,0,0,"ChatGPT","SURVEY OF RESIDENTS' PERCEPTIONS AND CONCERNS ON AIR POLLUTION IN MAHARASHTRA, INDIA"
549,1,0,0,0,0,0,"ChatGPT","Satisfaction with environmental change: An empirical analysis of attitudes toward air quality by recent interstate migrants"
550,0,0,0,0,0,0,"ChatGPT","School Policies and Practices That Improve Indoor Air Quality"
551,1,0,1,0,1,0,"ChatGPT","School students' ideas about air pollution: Knowledge and attitudes"
552,1,0,0,1,0,0,"ChatGPT","School students’ awareness on air pollution and its health effects in the Sultanate of Oman"
553,1,0,1,0,1,0,"ChatGPT","Searching for New Human Behavior Model in the Climate Change Age: Analyzing the Impact of Risk Perception and Government Factors on Intention-Action Consistency in Particulate Matter Mitigation"
554,1,0,0,0,1,0,"ChatGPT","Self-care behaviors related to air pollution protection questionnaire: a psychometric analysis"
555,0,0,0,1,0,0,"ChatGPT","Severe Air Pollution and Psychological Distress in China: The Interactive Effects of Coping and Perceived Controllability"
556,1,0,0,1,1,0,"ChatGPT","Short animated video increases knowledge and perceived comfort in clinical counseling on inequitable health impacts of air pollution among interprofessional health learners and clinicians"
558,1,0,1,0,1,0,"ChatGPT","Significant importance of negative affect and satisfaction with local governmental air control of objective air pollution, perceived air quality, and pro-environmental behavior relationships"
559,0,0,1,0,0,0,"ChatGPT","Singapore's willingness to pay for mitigation of transboundary forest-fire haze from Indonesia"
561,1,0,0,0,0,0,"ChatGPT","Small-scale variability of particulate matter and perception of air quality in an inner-city recreational area in Aachen, Germany"
563,0,0,1,0,0,0,"ChatGPT","Social acceptance towards the air pollution in China: Evidence from public's willingness to pay for smog mitigation"
564,1,0,0,0,0,0,"ChatGPT","Social awareness of air quality information"
566,1,0,0,0,0,0,"ChatGPT","Sources and Perceptions of Indoor and Ambient Air Pollution in Rural Alaska"
567,1,0,0,0,0,0,"ChatGPT","Spatial distribution of the public's risk perception for air pollution: A nationwide study in China"
570,0,0,0,0,0,0,"ChatGPT","Statistical analysis of natural and mechanical ventilation performance in improving indoor air quality, thermal comfort, and perceived air quality in a healthcare facility"
571,1,0,0,1,0,0,"ChatGPT","Students' school-level symptoms mediate the relationship between a school's observed moisture problems and students' subjective perceptions of indoor air quality"
572,0,0,0,0,1,0,"ChatGPT","Study of People's Behavior on the Implementation of Air Pollution Mitigation Program in Surabaya, Indonesia"
573,1,0,0,0,1,0,"ChatGPT","Studying the level of knowledge and practice of the students in Kermanshah faculty of health about the hygienic and environmental effects of the haze phenomenon"
575,1,0,0,0,0,0,"ChatGPT","Survey data regarding perceived air quality in Australia, Brazil, China, Ghana, India, Iran, Italy, Norway, South Africa, United States before and during Covid-19 restrictions"
576,1,0,1,1,1,0,"ChatGPT","Survey in Paris taxi drivers: Perception of air pollution from vehicle exhaust; [Enquete aupres des chauffeurs de taxi artisans parisiens: Perception de la pollution d'origine automobile]"
582,1,0,0,0,1,0,"ChatGPT","THE RELEVANCE OF AIR QUALITY PERCEPTIONS ON TRAVEL BEHAVIOR OF VISITORS WITH RESPIRATORY DISEASES"
590,1,0,0,0,0,0,"ChatGPT","The Air Quality Perception of Residents in the Metropolitan Zone of Acapulco Who Live Around Intersections with Intense Traffic"
591,0,0,1,0,0,0,"ChatGPT","The Benefit of Focusing on Air Pollution Instead of Climate Change: How Discussing Power Plant Emissions in the Context of Air Pollution, Rather than Climate Change, Influences Perceived Benefits, Costs, and Political Action for Policies to Limit Emissions"
592,1,0,0,0,1,0,"ChatGPT","The Discussion on the relationship among indoor air quality, environmental cognition and user's behaviour"
594,1,0,0,0,1,0,"ChatGPT","The Effect of Perceived Threats and Response Efficacy on Adaptation to Smog: An Instrumental Variables Design"
595,1,0,0,1,0,0,"ChatGPT","The Effects of Opening Windows Behavior on Indoor Air Quality of a Newly Decorated Office Building"
596,1,0,0,1,0,0,"ChatGPT","The Effects of Risk Perceptions Related to Particulate Matter on Outdoor Activity Satisfaction in South Korea"
597,0,0,0,1,0,0,"ChatGPT","The Effects of Social, Personal, and Behavioral Risk Factors and PM2.5 on Cardio-Metabolic Disparities in a Cohort of Community Health Center Patients"
598,1,0,0,0,0,0,"ChatGPT","The Home Halo Effect: how Air Quality Perception is Influenced by Place Attachment"
599,1,0,0,0,0,0,"ChatGPT","The Impact of Air Pollution Perception on Urban Settlement Intentions of Young Talent in China"
600,1,0,0,0,1,0,"ChatGPT","The Impact of an Authoritarian Personality on Pro-Environmental Behaviour for Air Pollution Mitigation through Interactions with Social Norms"
602,0,0,1,0,0,0,"ChatGPT","The Influence of Air Pollution on Happiness and Willingness to Pay for Clean Air in the Bohai Rim Area of China"
603,1,0,0,1,1,0,"ChatGPT","The Link between Knowledge, Attitudes and Practices in Relation to Atmospheric Haze Pollution in Peninsular Malaysia"
604,1,0,0,0,0,0,"ChatGPT","The Project of Air Pollution Awareness: Interdisciplinary Community Service Practices"
605,1,0,0,0,0,0,"ChatGPT","The Reemerging Concern over Air Pollution in China: the Smog of the State's Efforts to Guide Public Opinion"
607,0,0,0,1,0,0,"ChatGPT","The Role of Air Quality in Perception of Health of the Local Population"
608,0,0,0,0,1,0,"ChatGPT","The State of Air Pollution as a Factor Determining the Assessment of a City's Tourist Attractiveness-Based on the Opinions of Polish Respondents"
609,0,0,0,0,1,0,"ChatGPT","The Theory of Planned Behavior to Predict Protective Behavioral Intentions against PM2.5 in Parents of Young Children from Urban and Rural Beijing, China"
610,0,0,1,0,0,0,"ChatGPT","The ancillary carbon benefits of SO2 reductions from a small-boiler policy in Taiyuan, PRC"
611,1,0,0,1,0,0,"ChatGPT","The effect of PM2.5 exposure and risk perception on the mental stress of Nanjing citizens in China"
612,1,0,0,0,1,0,"ChatGPT","The effect of selected factors on adaptive behavioural responses to urban air pollution in Malaysia"
613,0,0,0,1,0,0,"ChatGPT","The effect of ventilation system cleaning on indoor air quality and perceived work environment in office buildings; [Ilmanvaihtojärjestelmien puhdistuksen vaikutus toimistorakennusten sisäilman laatuun ja työntekijöiden työoloihin]"
615,1,0,0,0,0,0,"ChatGPT","The general public's perception of air quality"
616,0,0,0,1,0,0,"ChatGPT","The health impacts of two policies regulating SO2 air pollution: Evidence from China"
617,1,0,0,0,1,0,"ChatGPT","The health policy implications of individual adaptive behavior responses to smog pollution in urban China"
618,1,0,1,0,1,0,"ChatGPT","The human dimensions of pollution policy implementation: Air quality in rural China"
619,0,0,0,0,1,0,"ChatGPT","The impact of air pollution on behavior changes and outdoor recreation in Chinese cities"
620,0,0,0,0,1,0,"ChatGPT","The impact of air pollution on environmentally friendly behavior: evidence from China"
621,1,0,1,1,0,0,"ChatGPT","The impact of health information dissemination on public awareness of air pollution risk"
622,0,0,0,1,1,0,"ChatGPT","The impact of life behavior and environment on particulate matter in chronic obstructive pulmonary disease"
623,1,0,0,0,0,0,"ChatGPT","The impact of perceived air pollution on labour supply: Evidence from China"
624,1,1,0,0,0,0,"ChatGPT","The impact of severe air pollution in January 2013 in Beijing on sustained elevation of public environmental concern"
628,1,0,0,0,0,0,"ChatGPT","The influence of green areas on city-dwellers' perceptions of air pollution: The case of Nigde city center"
629,1,0,0,0,0,0,"ChatGPT","The interplay between air pollution, built environment, and physical activity: Perceptions of children and youth in rural and urban India"
632,1,0,0,1,0,0,"ChatGPT","The mediating role of risk perception in the association between industry-related air pollution and health"
634,1,0,0,1,0,0,"ChatGPT","The power of perception: Health risk attributed to air pollution in an urban industrial neighbourhood"
635,0,0,1,0,0,0,"ChatGPT","The public perceptions and willingness to pay: from the perspective of the smog crisis in China"
636,1,0,0,1,1,0,"ChatGPT","The role of air quality for reaching tourism environmental sustainability: A segmentation approach based on visitors' pro-environmental behaviors"
637,0,0,0,1,0,0,"ChatGPT","The role of air quality in perception of health of the local population"
638,1,0,0,0,0,0,"ChatGPT","The role of differences in individual and community attributes in perceived air quality"
640,1,0,0,1,0,0,"ChatGPT","The role of perceived air pollution and health risk perception in health symptoms and disease: a population-based study combined with modelled levels of PM10"
641,1,0,0,1,0,0,"ChatGPT","The role of perceived pollution and health risk perception in annoyance and health symptoms: a population-based study of odorous air pollution"
642,0,0,0,0,1,0,"ChatGPT","The role of personal air pollution sensors and smartphone technology in changing travel behaviour"
646,1,0,0,0,1,0,"ChatGPT","Tourists' Perception of Haze Pollution and the Potential Impacts on Travel: Reshaping the Features of Tourism Seasonality in Beijing, China"
648,1,0,0,1,0,0,"ChatGPT","Traffic-related air pollution and perceived health risk: Lay assessment of an everyday hazard"
650,1,0,0,1,1,0,"ChatGPT","Treatment of Particulate Matter Pollution: People's Attitude and Readiness to Act"
651,1,0,0,0,0,0,"ChatGPT","Trust is in the air: pollution and Chinese citizens' attitudes towards local, regional and central levels of government"
654,1,0,0,1,0,0,"ChatGPT","Understanding Perceptions of Health Risk and Behavioral Responses to Air Pollution in the State of Utah (USA)"
655,1,0,0,0,1,0,"ChatGPT","Understanding factors influencing adoption of air pollution protective measures using the knowledge-attitude-behavior model"
656,1,0,0,0,0,0,"ChatGPT","Unmasking air quality: A novel image-based approach to align public perception with pollution levels"
657,1,0,0,0,1,0,"ChatGPT","Unraveling the nexus: exploring the interplay of mass media, personality traits and social norms in fostering protective behavior against smog"
658,1,0,0,0,0,0,"ChatGPT","Unveiling Spatial Patterns of Exposure and Risk Perception to Air Pollution: A Case Study in Chilean Patagonia"
659,1,0,0,1,0,0,"ChatGPT","Unveiling the Air Quality Impacts of Municipal Solid Waste Disposal: An Integrative Study of On-Site Measurements and Community Perceptions"
661,1,0,0,0,0,0,"ChatGPT","Urban air pollution in China: destination image and risk perceptions"
662,1,0,0,0,0,0,"ChatGPT","Urban air quality in north-east England: Exploring the influences on local views and perceptions"
663,1,0,0,0,1,0,"ChatGPT","Urban and rural inequality in knowledge, attitude and practice on haze pollution episode in Klang Valley, Malaysia"
664,1,0,0,0,1,0,"ChatGPT","Use of a Remote Car Starter in Relation to Smog and Climate Change Perceptions: A Population Survey in Quebec (Canada)"
667,0,0,0,1,0,0,"ChatGPT","Using Parametric g-Computation to Estimate the Effect of Long-Term Exposure to Air Pollution on Mortality Risk and Simulate the Benefits of Hypothetical Policies: The Canadian Community Health Survey Cohort (2005 to 2015)"
669,1,0,0,1,1,0,"ChatGPT","Using the health beliefs model to explore children's attitudes and beliefs on air pollution"
671,1,0,0,0,0,0,"ChatGPT","Verification of the Perception of the Local Community concerning Air Quality Using ADMS-Roads Modeling"
672,0,0,0,0,1,0,"ChatGPT","Visitors' behavioural intention towards an episode of air pollution: a segmentation analysis"
673,0,0,1,0,0,0,"ChatGPT","WILLINGNESS TO PAY FOR AIR QUALITY IMPROVEMENTS FROM USING ELECTRIC JEEPNEYS IN METRO MANILA"
674,0,0,1,0,0,0,"ChatGPT","WILLINGNESS-TO-PAY FOR AIR-QUALITY - THE CASE OF OUTDOOR EXERCISE"
675,1,0,0,1,1,0,"ChatGPT","Wearing masks as a protective measure for children against traffic-related air pollution: A comparison of perceptions between school children and their caregivers in Ho Chi Minh City, Vietnam"
677,1,0,0,1,1,0,"ChatGPT","What Predicts Korean Citizens' Mask-Wearing Behaviors? Health Beliefs and Protective Behaviors against Particulate Matter"
680,1,0,0,0,0,0,"ChatGPT","What is the role of activism in air pollution politics? Understanding policy change in Poland"
683,1,0,0,0,1,0,"ChatGPT","When air quality matters: awareness, perception, and attitude of the residents in Metro Manila, Philippines"
684,1,0,0,0,1,0,"ChatGPT","When narratives speak louder than numbers: the effects of narrative persuasion across the stages of behavioural change to reduce air pollution"
685,1,0,0,0,0,0,"ChatGPT","When you breathe, your heart breaks: air pollution, environmental awareness, and political trust in China"
686,0,0,1,0,0,0,"ChatGPT","Who counts in evaluating the effects of air pollution policies on households? Non-market valuation in the presence of dependencies"
687,1,0,0,1,0,0,"ChatGPT","Who is susceptible to perceive higher smog-induced health risk? Comparative analysis between physical and mental health dimensions"
689,0,0,1,0,0,0,"ChatGPT","Will information interventions affect public preferences and willingness to pay for air quality improvement? An empirical study based on deliberative choice experiment"
690,0,0,1,0,0,0,"ChatGPT","Willingness to Pay for Improved Air Quality and Influencing Factors among Manufacturing Workers in Nanchang, China"
691,0,0,1,0,0,0,"ChatGPT","Willingness to Pay for Substituting Coal with Natural Gas-Based Combined Heat and Power in South Korea: A View from Air Pollutants Emissions Mitigation"
692,0,0,1,0,0,0,"ChatGPT","Willingness to pay for better air quality in the face of industrial emissions pollution in Venezuela"
693,1,0,1,0,1,0,"ChatGPT","Willingness to pay for environmental protection in China: Air pollution, perception, and government involvement"
694,0,0,1,0,0,0,"ChatGPT","Willingness to pay for reducing fatal risk by improving air quality: A contingent valuation study in Chongqing, China"
695,0,0,1,0,0,0,"ChatGPT","Willingness to pay for reducing the risk of premature mortality attributed to air pollution: a contingent valuation study for Greece"
696,0,0,1,0,0,0,"ChatGPT","Willingness to pay for reduction in air pollution: a multilevel analysis"
697,0,0,1,0,0,0,"ChatGPT","Willingness to pay to control PM2.5 pollution in Jing-Jin-Ji Region, China"
699,0,0,1,0,0,0,"ChatGPT","Willingness to pay to reduce health risks related to air quality: evidence from a choice experiment survey in Beijing"
700,0,0,1,0,0,0,"ChatGPT","Willingness-to-pay for a Haze Adaptation Program and a Haze Eradication Program in Singapore: The 2015 Transboundary Haze"
701,1,0,0,0,0,0,"ChatGPT","Winter Thermal Comfort and Perceived Air Quality: A Case Study of Primary Schools in Severe Cold Regions in China"
702,1,0,1,0,0,0,"ChatGPT","Would it be better to not talk about climate change? The impact of climate change and air pollution frames on support for regulating power plant emissions"
703,0,0,0,0,1,0,"ChatGPT","Young people's behaviour intentions towards reducing PM2.5 in China: Extending the theory of planned behaviour"
704,1,0,0,1,0,0,"ChatGPT","‘Incense is the one that keeps the air fresh’: indoor air quality perceptions and attitudes towards health risk"
705,0,0,0,0,1,0,"ChatGPT","“Passing the test” – human behavior and california’s smog check program"
