"iso3","ID","Perceptions","Priority","Policy","Health","Behavior","None","country","countries","Economy","Region","Income.group","Lending.category"
"ARE",581,1,0,0,1,0,0,"United Arab Emirates","United Arab Emirates","United Arab Emirates","Middle East & North Africa","High income",""
"AUS",189,1,0,0,1,0,0,"Australia","Australia","Australia","East Asia & Pacific","High income",""
"AUS",353,1,0,0,1,1,0,"Australia","Australia","Australia","East Asia & Pacific","High income",""
"AUS",704,1,0,0,1,0,0,"Australia","Australia","Australia","East Asia & Pacific","High income",""
"AUS",64,1,0,0,0,0,0,"Australia","Australia","Australia","East Asia & Pacific","High income",""
"AUS",106,1,0,0,0,0,0,"Australia","Australia","Australia","East Asia & Pacific","High income",""
"AUS",258,1,0,0,0,1,0,"Australia","Australia","Australia","East Asia & Pacific","High income",""
"AUS",86,1,0,0,1,0,0,"Australia","Australia","Australia","East Asia & Pacific","High income",""
"AUS",646,1,0,0,0,0,0,"Australia","Australia","Australia","East Asia & Pacific","High income",""
"AUS",265,1,0,0,0,0,0,"Australia","Australia","Australia","East Asia & Pacific","High income",""
"AUT",70,1,0,0,1,1,0,"Austria","Austria","Austria","Europe & Central Asia","High income",""
"AUT",56,1,0,0,1,0,0,"Austria","Austria","Austria","Europe & Central Asia","High income",""
"AUT",63,1,0,0,0,0,0,"Austria","Austria","Austria","Europe & Central Asia","High income",""
"AUT",235,0,0,0,1,0,0,"Austria","Austria","Austria","Europe & Central Asia","High income",""
"BEL",235,0,0,0,1,0,0,"Belgium","Belgium","Belgium","Europe & Central Asia","High income",""
"BEL",487,1,0,1,0,1,0,"Belgium","Belgium","Belgium","Europe & Central Asia","High income",""
"BEL",56,1,0,0,1,0,0,"Belgium","Belgium","Belgium","Europe & Central Asia","High income",""
"BEL",63,1,0,0,0,0,0,"Belgium","Belgium","Belgium","Europe & Central Asia","High income",""
"BEL",690,1,0,0,1,0,0,"Belgium","Belgium","Belgium","Europe & Central Asia","High income",""
"BEN",599,1,0,0,1,0,0,"Benin","Benin","Benin","Sub-Saharan Africa","Lower middle income","IDA"
"BGD",360,0,0,0,0,1,0,"Bangladesh","Bangladesh","Bangladesh","South Asia","Lower middle income","IDA"
"BGD",321,1,0,0,0,1,0,"Bangladesh","Bangladesh","Bangladesh","South Asia","Lower middle income","IDA"
"BGD",419,1,0,0,1,1,0,"Bangladesh","Bangladesh","Bangladesh","South Asia","Lower middle income","IDA"
"BGD",401,1,0,0,0,1,0,"Bangladesh","Bangladesh","Bangladesh","South Asia","Lower middle income","IDA"
"BGR",235,0,0,0,1,0,0,"Bulgaria","Bulgaria","Bulgaria","Europe & Central Asia","High income","IBRD"
"BHR",627,1,0,1,1,1,0,"Bahrain","Bahrain","Bahrain","Middle East & North Africa","High income",""
"BIH",111,1,0,0,0,0,0,"Bosnia and Herzegovina","Bosnia and Herzegovina","Bosnia and Herzegovina","Europe & Central Asia","Upper middle income","IBRD"
"BRA",64,1,0,0,0,0,0,"Brazil","Brazil","Brazil","Latin America & Caribbean","Upper middle income","IBRD"
"BRA",567,1,0,0,0,0,0,"Brazil","Brazil","Brazil","Latin America & Caribbean","Upper middle income","IBRD"
"BRA",106,1,0,0,0,0,0,"Brazil","Brazil","Brazil","Latin America & Caribbean","Upper middle income","IBRD"
"BRA",117,1,0,0,0,0,0,"Brazil","Brazil","Brazil","Latin America & Caribbean","Upper middle income","IBRD"
"BRN",367,0,0,1,0,0,0,"Brunei","Brunei","Brunei Darussalam","East Asia & Pacific","High income",""
"CAN",7,1,1,1,0,0,0,"Canada","Canada","Canada","North America","High income",""
"CAN",37,1,0,0,0,0,0,"Canada","Canada","Canada","North America","High income",""
"CAN",254,1,1,0,0,0,0,"Canada","Canada","Canada","North America","High income",""
"CAN",334,1,0,0,0,0,0,"Canada","Canada","Canada","North America","High income",""
"CAN",406,0,0,0,1,0,0,"Canada","Canada","Canada","North America","High income",""
"CAN",340,1,0,0,1,0,0,"Canada","Canada","Canada","North America","High income",""
"CAN",562,1,0,0,0,1,0,"Canada","Canada","Canada","North America","High income",""
"CAN",349,1,0,0,0,1,0,"Canada","Canada","Canada","North America","High income",""
"CHE",56,1,0,0,1,0,0,"Switzerland","Switzerland","Switzerland","Europe & Central Asia","High income",""
"CHE",78,1,0,0,0,0,0,"Switzerland","Switzerland","Switzerland","Europe & Central Asia","High income",""
"CHE",92,0,0,0,1,1,0,"Switzerland","Switzerland","Switzerland","Europe & Central Asia","High income",""
"CHL",260,1,0,0,0,0,0,"Chile","Chile","Chile","Latin America & Caribbean","High income","IBRD"
"CHL",30,1,0,0,0,0,0,"Chile","Chile","Chile","Latin America & Caribbean","High income","IBRD"
"CHL",124,1,0,0,1,1,0,"Chile","Chile","Chile","Latin America & Caribbean","High income","IBRD"
"CHL",381,1,0,0,1,1,0,"Chile","Chile","Chile","Latin America & Caribbean","High income","IBRD"
"CHL",154,1,0,1,0,0,0,"Chile","Chile","Chile","Latin America & Caribbean","High income","IBRD"
"CHL",62,1,0,0,1,0,0,"Chile","Chile","Chile","Latin America & Caribbean","High income","IBRD"
"CHN",183,1,0,0,0,0,0,"China","China","China","East Asia & Pacific","Upper middle income","IBRD"
"CHN",176,1,0,0,0,0,0,"China","China","China","East Asia & Pacific","Upper middle income","IBRD"
"CHN",178,0,0,1,0,0,0,"China","China","China","East Asia & Pacific","Upper middle income","IBRD"
"CHN",28,0,0,1,0,0,0,"China","China","China","East Asia & Pacific","Upper middle income","IBRD"
"CHN",52,0,0,1,0,0,0,"China","China","China","East Asia & Pacific","Upper middle income","IBRD"
"CHN",20,1,0,1,0,1,0,"China","China","China","East Asia & Pacific","Upper middle income","IBRD"
"CHN",25,0,0,1,0,1,0,"China","China","China","East Asia & Pacific","Upper middle income","IBRD"
"CHN",22,1,0,0,0,0,0,"China","China","China","East Asia & Pacific","Upper middle income","IBRD"
"CHN",285,0,0,1,0,0,0,"China","China","China","East Asia & Pacific","Upper middle income","IBRD"
"CHN",103,1,0,1,0,1,0,"China","China","China","East Asia & Pacific","Upper middle income","IBRD"
"CHN",529,1,0,1,0,0,0,"China","China","China","East Asia & Pacific","Upper middle income","IBRD"
"CHN",142,1,0,1,0,0,0,"China","China","China","East Asia & Pacific","Upper middle income","IBRD"
"CHN",46,0,0,1,0,0,0,"China","China","China","East Asia & Pacific","Upper middle income","IBRD"
"CHN",511,1,0,0,0,0,0,"China","China","China","East Asia & Pacific","Upper middle income","IBRD"
"CHN",24,1,0,0,0,1,0,"China","China","China","East Asia & Pacific","Upper middle income","IBRD"
"CHN",184,1,0,1,0,0,0,"China","China","China","East Asia & Pacific","Upper middle income","IBRD"
"CHN",181,1,0,0,0,0,0,"China","China","China","East Asia & Pacific","Upper middle income","IBRD"
"CHN",229,1,0,1,0,0,0,"China","China","China","East Asia & Pacific","Upper middle income","IBRD"
"CHN",570,0,0,1,0,0,0,"China","China","China","East Asia & Pacific","Upper middle income","IBRD"
"CHN",27,1,0,0,0,0,0,"China","China","China","East Asia & Pacific","Upper middle income","IBRD"
"CHN",42,1,0,1,0,0,0,"China","China","China","East Asia & Pacific","Upper middle income","IBRD"
"CHN",200,1,0,0,1,0,0,"China","China","China","East Asia & Pacific","Upper middle income","IBRD"
"CHN",44,0,0,0,1,0,0,"China","China","China","East Asia & Pacific","Upper middle income","IBRD"
"CHN",265,1,0,0,0,0,0,"China","China","China","East Asia & Pacific","Upper middle income","IBRD"
"CHN",307,1,0,0,0,1,0,"China","China","China","East Asia & Pacific","Upper middle income","IBRD"
"CHN",262,0,0,1,0,0,0,"China","China","China","East Asia & Pacific","Upper middle income","IBRD"
"CHN",50,1,0,0,0,0,0,"China","China","China","East Asia & Pacific","Upper middle income","IBRD"
"CHN",230,0,0,0,0,1,0,"China","China","China","East Asia & Pacific","Upper middle income","IBRD"
"CHN",385,1,0,0,0,1,0,"China","China","China","East Asia & Pacific","Upper middle income","IBRD"
"CHN",49,0,0,1,0,0,0,"China","China","China","East Asia & Pacific","Upper middle income","IBRD"
"CHN",101,0,0,0,1,0,0,"China","China","China","East Asia & Pacific","Upper middle income","IBRD"
"CHN",186,1,0,0,0,1,0,"China","China","China","East Asia & Pacific","Upper middle income","IBRD"
"CHN",108,0,0,0,1,0,0,"China","China","China","East Asia & Pacific","Upper middle income","IBRD"
"CHN",504,1,0,0,0,1,0,"China","China","China","East Asia & Pacific","Upper middle income","IBRD"
"CHN",219,0,0,1,0,0,0,"China","China","China","East Asia & Pacific","Upper middle income","IBRD"
"CHN",362,0,0,1,0,0,0,"China","China","China","East Asia & Pacific","Upper middle income","IBRD"
"CHN",221,0,0,1,0,0,0,"China","China","China","East Asia & Pacific","Upper middle income","IBRD"
"CHN",278,1,0,0,1,1,0,"China","China","China","East Asia & Pacific","Upper middle income","IBRD"
"CHN",226,0,0,0,0,1,0,"China","China","China","East Asia & Pacific","Upper middle income","IBRD"
"CHN",326,0,0,0,0,1,0,"China","China","China","East Asia & Pacific","Upper middle income","IBRD"
"CHN",116,1,0,1,0,0,0,"China","China","China","East Asia & Pacific","Upper middle income","IBRD"
"CHN",131,1,0,0,1,0,0,"China","China","China","East Asia & Pacific","Upper middle income","IBRD"
"CHN",283,1,0,0,1,1,0,"China","China","China","East Asia & Pacific","Upper middle income","IBRD"
"CHN",170,1,0,1,0,1,0,"China","China","China","East Asia & Pacific","Upper middle income","IBRD"
"CHN",603,1,0,0,1,0,0,"China","China","China","East Asia & Pacific","Upper middle income","IBRD"
"CHN",333,1,0,0,1,0,0,"China","China","China","East Asia & Pacific","Upper middle income","IBRD"
"CHN",550,0,0,0,1,0,0,"China","China","China","East Asia & Pacific","Upper middle income","IBRD"
"CHN",135,1,0,0,0,0,0,"China","China","China","East Asia & Pacific","Upper middle income","IBRD"
"CHN",137,1,0,1,0,0,0,"China","China","China","East Asia & Pacific","Upper middle income","IBRD"
"CHN",336,1,0,0,1,1,0,"China","China","China","East Asia & Pacific","Upper middle income","IBRD"
"CHN",106,1,0,0,0,0,0,"China","China","China","East Asia & Pacific","Upper middle income","IBRD"
"CHN",252,1,0,1,0,0,0,"China","China","China","East Asia & Pacific","Upper middle income","IBRD"
"CHN",64,1,0,0,0,0,0,"China","China","China","East Asia & Pacific","Upper middle income","IBRD"
"CHN",499,1,0,1,0,0,0,"China","China","China","East Asia & Pacific","Upper middle income","IBRD"
"CHN",255,1,0,0,0,0,0,"China","China","China","East Asia & Pacific","Upper middle income","IBRD"
"CHN",23,0,0,1,0,0,0,"China","China","China","East Asia & Pacific","Upper middle income","IBRD"
"CHN",241,1,0,1,1,0,0,"China","China","China","East Asia & Pacific","Upper middle income","IBRD"
"CHN",369,0,0,0,0,1,0,"China","China","China","East Asia & Pacific","Upper middle income","IBRD"
"CHN",39,1,0,0,0,0,0,"China","China","China","East Asia & Pacific","Upper middle income","IBRD"
"CHN",151,1,0,0,0,0,0,"China","China","China","East Asia & Pacific","Upper middle income","IBRD"
"CHN",348,1,0,0,0,1,0,"China","China","China","East Asia & Pacific","Upper middle income","IBRD"
"CHN",202,0,0,0,1,1,0,"China","China","China","East Asia & Pacific","Upper middle income","IBRD"
"CHN",304,1,0,0,0,0,0,"China","China","China","East Asia & Pacific","Upper middle income","IBRD"
"CHN",484,0,0,0,1,0,0,"China","China","China","East Asia & Pacific","Upper middle income","IBRD"
"CHN",394,1,0,0,1,1,0,"China","China","China","East Asia & Pacific","Upper middle income","IBRD"
"CHN",575,1,0,0,0,1,0,"China","China","China","East Asia & Pacific","Upper middle income","IBRD"
"CHN",163,1,0,0,0,0,0,"China","China","China","East Asia & Pacific","Upper middle income","IBRD"
"CHN",531,1,0,0,0,0,0,"China","China","China","East Asia & Pacific","Upper middle income","IBRD"
"CHN",564,1,0,0,0,0,0,"China","China","China","East Asia & Pacific","Upper middle income","IBRD"
"CHN",55,1,0,1,1,0,0,"China","China","China","East Asia & Pacific","Upper middle income","IBRD"
"CHN",616,1,0,1,0,0,0,"China","China","China","East Asia & Pacific","Upper middle income","IBRD"
"CHN",270,1,0,0,1,1,0,"China","China","China","East Asia & Pacific","Upper middle income","IBRD"
"CHN",217,1,0,0,0,1,0,"China","China","China","East Asia & Pacific","Upper middle income","IBRD"
"CHN",666,0,0,0,0,1,0,"China","China","China","East Asia & Pacific","Upper middle income","IBRD"
"CHN",123,1,0,1,0,0,0,"China","China","China","East Asia & Pacific","Upper middle income","IBRD"
"CHN",173,0,0,0,0,1,0,"China","China","China","East Asia & Pacific","Upper middle income","IBRD"
"CHN",629,1,0,0,1,1,0,"China","China","China","East Asia & Pacific","Upper middle income","IBRD"
"CHN",277,1,0,0,0,1,0,"China","China","China","East Asia & Pacific","Upper middle income","IBRD"
"CHN",541,1,0,0,0,1,0,"China","China","China","East Asia & Pacific","Upper middle income","IBRD"
"CHN",279,1,0,0,1,0,0,"China","China","China","East Asia & Pacific","Upper middle income","IBRD"
"CHN",280,1,0,1,0,1,0,"China","China","China","East Asia & Pacific","Upper middle income","IBRD"
"CHN",61,0,0,0,0,1,0,"China","China","China","East Asia & Pacific","Upper middle income","IBRD"
"CHN",282,1,0,0,0,1,0,"China","China","China","East Asia & Pacific","Upper middle income","IBRD"
"CHN",548,0,0,1,0,0,0,"China","China","China","East Asia & Pacific","Upper middle income","IBRD"
"CHN",100,1,0,0,1,0,0,"China","China","China","East Asia & Pacific","Upper middle income","IBRD"
"CHN",502,1,0,1,0,0,0,"China","China","China","East Asia & Pacific","Upper middle income","IBRD"
"CHN",301,1,0,0,0,0,0,"China","China","China","East Asia & Pacific","Upper middle income","IBRD"
"CHN",334,1,0,0,0,0,0,"China","China","China","East Asia & Pacific","Upper middle income","IBRD"
"CHN",136,1,0,0,1,1,0,"China","China","China","East Asia & Pacific","Upper middle income","IBRD"
"CHN",592,1,0,1,0,0,0,"China","China","China","East Asia & Pacific","Upper middle income","IBRD"
"CHN",593,1,0,1,0,1,0,"China","China","China","East Asia & Pacific","Upper middle income","IBRD"
"CHN",556,0,0,0,1,0,0,"China","China","China","East Asia & Pacific","Upper middle income","IBRD"
"CHN",610,0,0,1,0,1,0,"China","China","China","East Asia & Pacific","Upper middle income","IBRD"
"CHN",194,0,0,0,0,1,0,"China","China","China","East Asia & Pacific","Upper middle income","IBRD"
"CHN",296,1,0,0,0,0,0,"China","China","China","East Asia & Pacific","Upper middle income","IBRD"
"CHN",382,1,0,0,0,0,0,"China","China","China","East Asia & Pacific","Upper middle income","IBRD"
"CHN",518,1,0,0,0,0,0,"China","China","China","East Asia & Pacific","Upper middle income","IBRD"
"CHN",198,0,0,0,1,0,0,"China","China","China","East Asia & Pacific","Upper middle income","IBRD"
"CHN",432,1,0,0,0,1,0,"China","China","China","East Asia & Pacific","Upper middle income","IBRD"
"CHN",122,1,0,0,0,0,0,"China","China","China","East Asia & Pacific","Upper middle income","IBRD"
"CHN",389,1,0,0,0,1,0,"China","China","China","East Asia & Pacific","Upper middle income","IBRD"
"CHN",480,0,0,1,0,0,0,"China","China","China","East Asia & Pacific","Upper middle income","IBRD"
"CHN",404,0,0,0,1,0,0,"China","China","China","East Asia & Pacific","Upper middle income","IBRD"
"CHN",264,1,0,0,0,0,0,"China","China","China","East Asia & Pacific","Upper middle income","IBRD"
"CHN",205,1,0,0,0,0,0,"China","China","China","East Asia & Pacific","Upper middle income","IBRD"
"CHN",594,1,0,0,1,0,0,"China","China","China","East Asia & Pacific","Upper middle income","IBRD"
"CHN",207,0,0,1,0,0,0,"China","China","China","East Asia & Pacific","Upper middle income","IBRD"
"CHN",115,1,0,1,1,1,0,"China","China","China","East Asia & Pacific","Upper middle income","IBRD"
"CHN",663,1,0,0,1,0,0,"China","China","China","East Asia & Pacific","Upper middle income","IBRD"
"CHN",212,0,0,0,0,0,0,"China","China","China","East Asia & Pacific","Upper middle income","IBRD"
"CHN",169,0,0,0,0,1,0,"China","China","China","East Asia & Pacific","Upper middle income","IBRD"
"CHN",269,1,0,0,0,1,0,"China","China","China","East Asia & Pacific","Upper middle income","IBRD"
"CHN",602,1,0,0,0,0,0,"China","China","China","East Asia & Pacific","Upper middle income","IBRD"
"CHN",216,1,0,0,0,0,0,"China","China","China","East Asia & Pacific","Upper middle income","IBRD"
"CHN",172,0,0,0,0,1,0,"China","China","China","East Asia & Pacific","Upper middle income","IBRD"
"CHN",104,1,0,0,0,1,0,"China","China","China","East Asia & Pacific","Upper middle income","IBRD"
"CHN",493,1,0,0,0,0,0,"China","China","China","East Asia & Pacific","Upper middle income","IBRD"
"CHN",589,0,0,1,0,0,0,"China","China","China","East Asia & Pacific","Upper middle income","IBRD"
"CHN",527,0,0,0,0,1,0,"China","China","China","East Asia & Pacific","Upper middle income","IBRD"
"CHN",325,0,0,0,0,1,0,"China","China","China","East Asia & Pacific","Upper middle income","IBRD"
"CHN",19,1,0,0,0,0,0,"China","China","China","East Asia & Pacific","Upper middle income","IBRD"
"CHN",412,1,0,0,0,0,0,"China","China","China","East Asia & Pacific","Upper middle income","IBRD"
"CHN",239,0,0,1,0,0,0,"China","China","China","East Asia & Pacific","Upper middle income","IBRD"
"CHN",232,0,0,0,0,1,0,"China","China","China","East Asia & Pacific","Upper middle income","IBRD"
"CHN",368,1,1,0,0,0,0,"China","China","China","East Asia & Pacific","Upper middle income","IBRD"
"CHN",118,0,0,1,0,0,0,"China","China","China","East Asia & Pacific","Upper middle income","IBRD"
"CHN",149,1,0,1,0,1,0,"China","China","China","East Asia & Pacific","Upper middle income","IBRD"
"CHN",372,0,0,1,0,0,0,"China","China","China","East Asia & Pacific","Upper middle income","IBRD"
"CHN",479,1,0,0,0,0,0,"China","China","China","East Asia & Pacific","Upper middle income","IBRD"
"CHN",287,1,0,1,0,1,0,"China","China","China","East Asia & Pacific","Upper middle income","IBRD"
"CHN",391,1,0,0,0,0,0,"China","China","China","East Asia & Pacific","Upper middle income","IBRD"
"CHN",571,1,1,1,1,0,0,"China","China","China","East Asia & Pacific","Upper middle income","IBRD"
"CHN",528,0,0,0,0,1,0,"China","China","China","East Asia & Pacific","Upper middle income","IBRD"
"CHN",144,1,0,0,0,1,0,"China","China","China","East Asia & Pacific","Upper middle income","IBRD"
"CHN",530,0,0,0,0,1,0,"China","China","China","East Asia & Pacific","Upper middle income","IBRD"
"CHN",690,1,0,0,1,0,0,"China","China","China","East Asia & Pacific","Upper middle income","IBRD"
"CHN",692,1,0,0,0,1,0,"China","China","China","East Asia & Pacific","Upper middle income","IBRD"
"CHN",477,0,0,1,0,0,0,"China","China","China","East Asia & Pacific","Upper middle income","IBRD"
"CHN",547,1,0,0,0,0,0,"China","China","China","East Asia & Pacific","Upper middle income","IBRD"
"CHN",171,0,0,0,0,1,0,"China","China","China","East Asia & Pacific","Upper middle income","IBRD"
"CHN",121,0,0,1,0,0,0,"China","China","China","East Asia & Pacific","Upper middle income","IBRD"
"CHN",664,1,0,0,1,0,0,"China","China","China","East Asia & Pacific","Upper middle income","IBRD"
"CHN",373,1,0,0,0,0,0,"China","China","China","East Asia & Pacific","Upper middle income","IBRD"
"CHN",537,1,0,0,0,0,0,"China","China","China","East Asia & Pacific","Upper middle income","IBRD"
"CHN",590,1,0,0,0,1,0,"China","China","China","East Asia & Pacific","Upper middle income","IBRD"
"CHN",555,1,0,0,1,0,0,"China","China","China","East Asia & Pacific","Upper middle income","IBRD"
"CHN",486,1,0,0,0,0,0,"China","China","China","East Asia & Pacific","Upper middle income","IBRD"
"CHN",649,0,0,0,0,1,0,"China","China","China","East Asia & Pacific","Upper middle income","IBRD"
"CHN",128,1,0,0,0,1,0,"China","China","China","East Asia & Pacific","Upper middle income","IBRD"
"CHN",211,0,0,1,0,0,0,"China","China","China","East Asia & Pacific","Upper middle income","IBRD"
"CHN",54,1,0,1,1,1,0,"China","China","China","East Asia & Pacific","Upper middle income","IBRD"
"CHN",225,0,0,0,0,0,0,"China","China","China","East Asia & Pacific","Upper middle income","IBRD"
"CHN",519,1,0,0,1,0,0,"China","China","China","East Asia & Pacific","Upper middle income","IBRD"
"CHN",534,0,0,0,0,1,0,"China","China","China","East Asia & Pacific","Upper middle income","IBRD"
"CHN",268,0,0,0,1,1,0,"China","China","China","East Asia & Pacific","Upper middle income","IBRD"
"CHN",240,1,1,0,0,0,0,"China","China","China","East Asia & Pacific","Upper middle income","IBRD"
"CHN",591,1,0,1,0,1,0,"China","China","China","East Asia & Pacific","Upper middle income","IBRD"
"CHN",167,0,0,1,0,0,0,"China","China","China","East Asia & Pacific","Upper middle income","IBRD"
"CHN",204,0,0,0,0,1,0,"China","China","China","East Asia & Pacific","Upper middle income","IBRD"
"CHN",312,1,0,0,1,1,0,"China","China","China","East Asia & Pacific","Upper middle income","IBRD"
"CHN",464,1,0,0,0,1,0,"China","China","China","East Asia & Pacific","Upper middle income","IBRD"
"CHN",182,0,0,0,0,1,0,"China","China","China","East Asia & Pacific","Upper middle income","IBRD"
"CHN",516,1,0,1,1,1,0,"China","China","China","East Asia & Pacific","Upper middle income","IBRD"
"CHN",414,1,0,0,1,0,0,"China","China","China","East Asia & Pacific","Upper middle income","IBRD"
"CHN",476,0,0,1,0,0,0,"China","China","China","East Asia & Pacific","Upper middle income","IBRD"
"CHN",544,1,0,0,0,1,0,"China","China","China","East Asia & Pacific","Upper middle income","IBRD"
"CHN",311,1,0,0,0,0,0,"China","China","China","East Asia & Pacific","Upper middle income","IBRD"
"CHN",632,1,0,0,1,1,0,"China","China","China","East Asia & Pacific","Upper middle income","IBRD"
"COL",488,1,0,0,1,1,0,"Colombia","Colombia","Colombia","Latin America & Caribbean","Upper middle income","IBRD"
"COL",429,1,0,0,1,1,0,"Colombia","Colombia","Colombia","Latin America & Caribbean","Upper middle income","IBRD"
"COL",440,0,0,1,0,0,0,"Colombia","Colombia","Colombia","Latin America & Caribbean","Upper middle income","IBRD"
"COL",560,1,0,0,0,1,0,"Colombia","Colombia","Colombia","Latin America & Caribbean","Upper middle income","IBRD"
"COL",438,1,0,1,1,0,0,"Colombia","Colombia","Colombia","Latin America & Caribbean","Upper middle income","IBRD"
"CYP",235,0,0,0,1,0,0,"Cyprus","Cyprus","Cyprus","Europe & Central Asia","High income",""
"CZE",235,0,0,0,1,0,0,"Czechia","Czechia","Czechia","Europe & Central Asia","High income",""
"CZE",78,1,0,0,0,0,0,"Czech Republic","Czech Republic","Czechia","Europe & Central Asia","High income",""
"CZE",395,0,0,0,1,0,0,"Czech Republic","Czech Republic","Czechia","Europe & Central Asia","High income",""
"DEU",63,1,0,0,0,0,0,"Germany","Germany","Germany","Europe & Central Asia","High income",""
"DEU",354,1,0,0,0,0,0,"Germany","Germany","Germany","Europe & Central Asia","High income",""
"DEU",306,0,0,1,0,1,0,"Germany","Germany","Germany","Europe & Central Asia","High income",""
"DEU",572,0,0,1,0,0,0,"Germany","Germany","Germany","Europe & Central Asia","High income",""
"DEU",704,1,0,0,1,0,0,"Germany","Germany","Germany","Europe & Central Asia","High income",""
"DEU",218,1,0,0,0,0,0,"Germany","Germany","Germany","Europe & Central Asia","High income",""
"DEU",193,1,0,0,0,0,0,"Germany","Germany","Germany","Europe & Central Asia","High income",""
"DEU",426,1,0,0,0,0,0,"Germany","Germany","Germany","Europe & Central Asia","High income",""
"DEU",235,0,0,0,1,0,0,"Germany","Germany","Germany","Europe & Central Asia","High income",""
"DEU",14,0,0,1,0,0,0,"Germany","Germany","Germany","Europe & Central Asia","High income",""
"DEU",364,1,0,0,0,1,0,"Germany","Germany","Germany","Europe & Central Asia","High income",""
"DNK",235,0,0,0,1,0,0,"Denmark","Denmark","Denmark","Europe & Central Asia","High income",""
"DNK",126,1,0,0,0,0,0,"Denmark","Denmark","Denmark","Europe & Central Asia","High income",""
"DNK",73,1,0,0,1,1,0,"Denmark","Denmark","Denmark","Europe & Central Asia","High income",""
"ECU",510,1,0,0,1,0,0,"Ecuador","Ecuador","Ecuador","Latin America & Caribbean","Upper middle income","IBRD"
"EGY",237,0,0,1,0,0,0,"Egypt","Egypt","Egypt, Arab Rep.","Middle East & North Africa","Lower middle income","IBRD"
"ESP",628,1,0,0,1,0,0,"Spain","Spain","Spain","Europe & Central Asia","High income",""
"ESP",492,1,0,0,0,0,0,"Spain","Spain","Spain","Europe & Central Asia","High income",""
"ESP",175,0,0,1,0,1,0,"Spain","Spain","Spain","Europe & Central Asia","High income",""
"ESP",56,1,0,0,1,0,0,"Spain","Spain","Spain","Europe & Central Asia","High income",""
"ESP",409,0,0,0,1,0,0,"Spain","Spain","Spain","Europe & Central Asia","High income",""
"ESP",147,0,0,0,1,0,0,"Spain","Spain","Spain","Europe & Central Asia","High income",""
"ESP",458,0,0,1,0,0,0,"Spain","Spain","Spain","Europe & Central Asia","High income",""
"ESP",576,0,0,1,0,0,0,"Spain","Spain","Spain","Europe & Central Asia","High income",""
"ESP",59,1,0,0,1,1,0,"Spain","Spain","Spain","Europe & Central Asia","High income",""
"ESP",196,1,0,0,0,0,0,"Spain","Spain","Spain","Europe & Central Asia","High income",""
"ESP",286,1,0,0,0,1,0,"Spain","Spain","Spain","Europe & Central Asia","High income",""
"ESP",235,0,0,0,1,0,0,"Spain","Spain","Spain","Europe & Central Asia","High income",""
"EST",17,1,0,0,1,0,0,"Estonia","Estonia","Estonia","Europe & Central Asia","High income",""
"EST",580,1,0,0,1,0,0,"Estonia","Estonia","Estonia","Europe & Central Asia","High income",""
"EST",235,0,0,0,1,0,0,"Estonia","Estonia","Estonia","Europe & Central Asia","High income",""
"ETH",399,1,0,0,1,0,0,"Ethiopia","Ethiopia","Ethiopia","Sub-Saharan Africa","Low income","IDA"
"FIN",466,1,0,0,1,0,0,"Finland","Finland","Finland","Europe & Central Asia","High income",""
"FIN",700,1,0,0,1,0,0,"Finland","Finland","Finland","Europe & Central Asia","High income",""
"FIN",331,1,0,0,1,0,0,"Finland","Finland","Finland","Europe & Central Asia","High income",""
"FIN",235,0,0,0,1,0,0,"Finland","Finland","Finland","Europe & Central Asia","High income",""
"FIN",580,1,0,0,1,0,0,"Finland","Finland","Finland","Europe & Central Asia","High income",""
"FIN",524,1,0,0,0,0,0,"Finland","Finland","Finland","Europe & Central Asia","High income",""
"FIN",343,0,0,0,1,0,0,"Finland","Finland","Finland","Europe & Central Asia","High income",""
"FIN",410,1,0,0,1,0,0,"Finland","Finland","Finland","Europe & Central Asia","High income",""
"FIN",525,1,0,0,0,0,0,"Finland","Finland","Finland","Europe & Central Asia","High income",""
"FIN",402,1,0,0,1,0,0,"Finland","Finland","Finland","Europe & Central Asia","High income",""
"FIN",78,1,0,0,0,0,0,"Finland","Finland","Finland","Europe & Central Asia","High income",""
"FIN",506,1,0,0,1,0,0,"Finland","Finland","Finland","Europe & Central Asia","High income",""
"FIN",526,1,0,0,1,0,0,"Finland","Finland","Finland","Europe & Central Asia","High income",""
"FRA",330,1,0,0,0,0,0,"France","France","France","Europe & Central Asia","High income",""
"FRA",672,1,0,0,0,0,0,"France","France","France","Europe & Central Asia","High income",""
"FRA",522,1,0,0,0,0,0,"France","France","France","Europe & Central Asia","High income",""
"FRA",235,0,0,0,1,0,0,"France","France","France","Europe & Central Asia","High income",""
"FRA",113,0,0,1,0,1,0,"France","France","France","Europe & Central Asia","High income",""
"FRA",434,1,0,0,0,0,0,"France","France","France","Europe & Central Asia","High income",""
"FRA",690,1,0,0,1,0,0,"France","France","France","Europe & Central Asia","High income",""
"FRA",671,1,0,0,0,0,0,"France","France","France","Europe & Central Asia","High income",""
"FRA",701,1,0,0,0,0,0,"France","France","France","Europe & Central Asia","High income",""
"FRA",375,1,0,0,0,1,0,"France","France","France","Europe & Central Asia","High income",""
"FRA",695,1,0,1,1,1,0,"France","France","France","Europe & Central Asia","High income",""
"FRA",435,1,0,0,1,0,0,"France","France","France","Europe & Central Asia","High income",""
"GBR",487,1,0,1,0,1,0,"UK","UK","United Kingdom","Europe & Central Asia","High income",""
"GBR",56,1,0,0,1,0,0,"United Kingdom","United Kingdom","United Kingdom","Europe & Central Asia","High income",""
"GBR",324,1,0,0,0,0,0,"England","United Kingdom","United Kingdom","Europe & Central Asia","High income",""
"GBR",332,1,0,0,0,0,0,"United Kingdom","United Kingdom","United Kingdom","Europe & Central Asia","High income",""
"GBR",78,1,0,0,0,0,0,"United Kingdom","United Kingdom","United Kingdom","Europe & Central Asia","High income",""
"GBR",192,1,1,1,0,0,0,"England","United Kingdom","United Kingdom","Europe & Central Asia","High income",""
"GBR",701,1,0,0,0,0,0,"England","United Kingdom","United Kingdom","Europe & Central Asia","High income",""
"GBR",256,1,0,1,0,0,0,"England","United Kingdom","United Kingdom","Europe & Central Asia","High income",""
"GBR",588,1,0,0,0,1,0,"United Kingdom","United Kingdom","United Kingdom","Europe & Central Asia","High income",""
"GBR",258,1,0,0,0,1,0,"United Kingdom","United Kingdom","United Kingdom","Europe & Central Asia","High income",""
"GBR",545,1,0,0,1,0,0,"United Kingdom","United Kingdom","United Kingdom","Europe & Central Asia","High income",""
"GBR",192,1,1,1,0,0,0,"Wales","United Kingdom","United Kingdom","Europe & Central Asia","High income",""
"GBR",533,0,0,0,1,0,0,"United Kingdom","United Kingdom","United Kingdom","Europe & Central Asia","High income",""
"GBR",63,1,0,0,0,0,0,"United Kingdom","United Kingdom","United Kingdom","Europe & Central Asia","High income",""
"GBR",190,1,0,0,0,1,0,"United Kingdom","United Kingdom","United Kingdom","Europe & Central Asia","High income",""
"GBR",132,0,0,0,0,1,0,"United Kingdom","United Kingdom","United Kingdom","Europe & Central Asia","High income",""
"GBR",261,0,0,1,0,0,0,"England","United Kingdom","United Kingdom","Europe & Central Asia","High income",""
"GBR",295,1,0,0,0,1,0,"United Kingdom","United Kingdom","United Kingdom","Europe & Central Asia","High income",""
"GBR",75,1,0,0,0,0,0,"United Kingdom","United Kingdom","United Kingdom","Europe & Central Asia","High income",""
"GBR",334,1,0,0,0,0,0,"United Kingdom","United Kingdom","United Kingdom","Europe & Central Asia","High income",""
"GBR",0,1,0,0,0,1,0,"United Kingdom","United Kingdom","United Kingdom","Europe & Central Asia","High income",""
"GBR",400,1,0,0,1,0,0,"United Kingdom","United Kingdom","United Kingdom","Europe & Central Asia","High income",""
"GBR",77,0,0,1,0,0,0,"United Kingdom","United Kingdom","United Kingdom","Europe & Central Asia","High income",""
"GBR",77,0,0,1,0,0,0,"England","United Kingdom","United Kingdom","Europe & Central Asia","High income",""
"GBR",290,1,0,0,1,0,0,"United Kingdom","United Kingdom","United Kingdom","Europe & Central Asia","High income",""
"GBR",646,1,0,0,0,0,0,"United Kingdom","United Kingdom","United Kingdom","Europe & Central Asia","High income",""
"GEO",668,1,0,0,1,0,0,"Georgia","Georgia","Georgia","Europe & Central Asia","Upper middle income","IBRD"
"GHA",64,1,0,0,0,0,0,"Ghana","Ghana","Ghana","Sub-Saharan Africa","Lower middle income","IDA"
"GHA",106,1,0,0,0,0,0,"Ghana","Ghana","Ghana","Sub-Saharan Africa","Lower middle income","IDA"
"GHA",363,1,0,0,1,0,0,"Ghana","Ghana","Ghana","Sub-Saharan Africa","Lower middle income","IDA"
"GRC",494,1,0,0,1,0,0,"Greece","Greece","Greece","Europe & Central Asia","High income",""
"GRC",78,1,0,0,0,0,0,"Greece","Greece","Greece","Europe & Central Asia","High income",""
"GRC",235,0,0,0,1,0,0,"Greece","Greece","Greece","Europe & Central Asia","High income",""
"GRC",213,1,0,0,0,0,0,"Greece","Greece","Greece","Europe & Central Asia","High income",""
"GRC",615,0,0,1,0,0,0,"Greece","Greece","Greece","Europe & Central Asia","High income",""
"GRC",18,1,0,0,0,0,0,"Greece","Greece","Greece","Europe & Central Asia","High income",""
"GTM",453,1,0,0,0,1,0,"Guatemala","Guatemala","Guatemala","Latin America & Caribbean","Upper middle income","IBRD"
"GTM",356,0,0,0,0,1,0,"Guatemala","Guatemala","Guatemala","Latin America & Caribbean","Upper middle income","IBRD"
"HKG",396,0,0,0,0,1,0,"Hong Kong","Hong Kong","Hong Kong SAR, China","East Asia & Pacific","High income",""
"HKG",418,1,0,0,0,0,0,"Hong Kong","Hong Kong","Hong Kong SAR, China","East Asia & Pacific","High income",""
"HKG",646,1,0,0,0,0,0,"Hong Kong","Hong Kong","Hong Kong SAR, China","East Asia & Pacific","High income",""
"HKG",660,0,0,1,0,0,0,"Hong Kong","Hong Kong","Hong Kong SAR, China","East Asia & Pacific","High income",""
"HKG",258,1,0,0,0,1,0,"Hong Kong","Hong Kong","Hong Kong SAR, China","East Asia & Pacific","High income",""
"HKG",228,0,0,1,0,0,0,"Hong Kong","Hong Kong","Hong Kong SAR, China","East Asia & Pacific","High income",""
"HRV",235,0,0,0,1,0,0,"Croatia","Croatia","Croatia","Europe & Central Asia","High income","IBRD"
"HRV",702,0,0,0,1,0,0,"Croatia","Croatia","Croatia","Europe & Central Asia","High income","IBRD"
"HUN",235,0,0,0,1,0,0,"Hungary","Hungary","Hungary","Europe & Central Asia","High income",""
"IDN",450,1,0,0,1,0,0,"Indonesia","Indonesia","Indonesia","East Asia & Pacific","Upper middle income","IBRD"
"IDN",271,0,0,0,0,1,0,"Indonesia","Indonesia","Indonesia","East Asia & Pacific","Upper middle income","IBRD"
"IDN",463,0,0,1,0,0,0,"Indonesia","Indonesia","Indonesia","East Asia & Pacific","Upper middle income","IBRD"
"IDN",4,0,0,0,0,1,0,"Indonesia","Indonesia","Indonesia","East Asia & Pacific","Upper middle income","IBRD"
"IDN",589,0,0,1,0,0,0,"Indonesia","Indonesia","Indonesia","East Asia & Pacific","Upper middle income","IBRD"
"IDN",305,0,0,1,0,0,0,"Indonesia","Indonesia","Indonesia","East Asia & Pacific","Upper middle income","IBRD"
"IDN",367,0,0,1,0,0,0,"Indonesia","Indonesia","Indonesia","East Asia & Pacific","Upper middle income","IBRD"
"IDN",386,1,0,0,1,0,0,"Indonesia","Indonesia","Indonesia","East Asia & Pacific","Upper middle income","IBRD"
"IND",685,1,0,0,0,0,0,"India","India","India","South Asia","Lower middle income","IBRD"
"IND",607,1,0,0,0,0,0,"India","India","India","South Asia","Lower middle income","IBRD"
"IND",651,1,0,0,0,0,0,"India","India","India","South Asia","Lower middle income","IBRD"
"IND",135,1,0,0,0,0,0,"India","India","India","South Asia","Lower middle income","IBRD"
"IND",608,1,0,0,1,0,0,"India","India","India","South Asia","Lower middle income","IBRD"
"IND",191,1,0,0,0,1,0,"India","India","India","South Asia","Lower middle income","IBRD"
"IND",609,0,0,0,1,0,0,"India","India","India","South Asia","Lower middle income","IBRD"
"IND",65,1,0,0,0,0,0,"India","India","India","South Asia","Lower middle income","IBRD"
"IND",201,0,0,0,1,0,0,"India","India","India","South Asia","Lower middle income","IBRD"
"IND",693,1,1,0,0,0,0,"India","India","India","South Asia","Lower middle income","IBRD"
"IND",637,1,0,0,1,0,0,"India","India","India","South Asia","Lower middle income","IBRD"
"IND",643,1,0,0,0,1,0,"India","India","India","South Asia","Lower middle income","IBRD"
"IND",160,1,0,0,1,0,0,"India","India","India","South Asia","Lower middle income","IBRD"
"IND",158,1,0,0,1,0,0,"India","India","India","South Asia","Lower middle income","IBRD"
"IND",589,0,0,1,0,0,0,"India","India","India","South Asia","Lower middle income","IBRD"
"IND",596,1,0,0,0,1,0,"India","India","India","South Asia","Lower middle income","IBRD"
"IND",64,1,0,0,0,0,0,"India","India","India","South Asia","Lower middle income","IBRD"
"IND",636,1,0,0,1,0,0,"India","India","India","South Asia","Lower middle income","IBRD"
"IND",125,1,0,1,1,0,0,"India","India","India","South Asia","Lower middle income","IBRD"
"IND",475,1,0,0,0,0,0,"India","India","India","South Asia","Lower middle income","IBRD"
"IND",356,0,0,0,0,1,0,"India","India","India","South Asia","Lower middle income","IBRD"
"IND",630,1,0,0,1,1,0,"India","India","India","South Asia","Lower middle income","IBRD"
"IND",684,0,0,1,0,0,0,"India","India","India","South Asia","Lower middle income","IBRD"
"IND",239,0,0,1,0,0,0,"India","India","India","South Asia","Lower middle income","IBRD"
"IND",106,1,0,0,0,0,0,"India","India","India","South Asia","Lower middle income","IBRD"
"IRL",595,1,0,0,1,1,0,"Ireland","Ireland","Ireland","Europe & Central Asia","High income",""
"IRL",487,1,0,1,0,1,0,"Ireland","Ireland","Ireland","Europe & Central Asia","High income",""
"IRL",235,0,0,0,1,0,0,"Ireland","Ireland","Ireland","Europe & Central Asia","High income",""
"IRL",288,1,0,1,0,0,0,"Ireland","Ireland","Ireland","Europe & Central Asia","High income",""
"IRN",58,0,0,0,1,0,0,"Iran","Iran","Iran, Islamic Rep.","Middle East & North Africa","Upper middle income","IBRD"
"IRN",388,0,0,0,0,1,0,"Iran","Iran","Iran, Islamic Rep.","Middle East & North Africa","Upper middle income","IBRD"
"IRN",694,1,0,0,0,1,0,"Iran","Iran","Iran, Islamic Rep.","Middle East & North Africa","Upper middle income","IBRD"
"IRN",233,1,0,0,0,1,0,"Iran","Iran","Iran, Islamic Rep.","Middle East & North Africa","Upper middle income","IBRD"
"IRN",442,1,0,0,0,1,0,"Iran","Iran","Iran, Islamic Rep.","Middle East & North Africa","Upper middle income","IBRD"
"IRN",405,1,0,0,0,1,0,"Iran","Iran","Iran, Islamic Rep.","Middle East & North Africa","Upper middle income","IBRD"
"IRN",670,1,0,0,0,1,0,"Iran","Iran","Iran, Islamic Rep.","Middle East & North Africa","Upper middle income","IBRD"
"IRN",266,1,0,0,1,1,0,"Iran","Iran","Iran, Islamic Rep.","Middle East & North Africa","Upper middle income","IBRD"
"IRN",457,1,0,0,0,0,0,"Iran","Iran","Iran, Islamic Rep.","Middle East & North Africa","Upper middle income","IBRD"
"IRN",43,1,0,0,0,1,0,"Iran","Iran","Iran, Islamic Rep.","Middle East & North Africa","Upper middle income","IBRD"
"IRN",106,1,0,0,0,0,0,"Iran","Iran","Iran, Islamic Rep.","Middle East & North Africa","Upper middle income","IBRD"
"IRN",64,1,0,0,0,0,0,"Iran","Iran","Iran, Islamic Rep.","Middle East & North Africa","Upper middle income","IBRD"
"IRN",646,1,0,0,0,0,0,"Iran","Iran","Iran, Islamic Rep.","Middle East & North Africa","Upper middle income","IBRD"
"IRN",68,1,0,1,0,1,0,"Iran","Iran","Iran, Islamic Rep.","Middle East & North Africa","Upper middle income","IBRD"
"ISL",235,0,0,0,1,0,0,"Iceland","Iceland","Iceland","Europe & Central Asia","High income",""
"ITA",114,1,0,0,0,1,0,"Italy","Italy","Italy","Europe & Central Asia","High income",""
"ITA",188,1,0,0,0,0,0,"Italy","Italy","Italy","Europe & Central Asia","High income",""
"ITA",683,0,0,1,0,0,0,"Italy","Italy","Italy","Europe & Central Asia","High income",""
"ITA",595,1,0,0,1,1,0,"Italy","Italy","Italy","Europe & Central Asia","High income",""
"ITA",681,0,0,0,1,0,0,"Italy","Italy","Italy","Europe & Central Asia","High income",""
"ITA",106,1,0,0,0,0,0,"Italy","Italy","Italy","Europe & Central Asia","High income",""
"ITA",634,1,0,0,0,1,0,"Italy","Italy","Italy","Europe & Central Asia","High income",""
"ITA",469,1,0,0,0,1,0,"Italy","Italy","Italy","Europe & Central Asia","High income",""
"ITA",235,0,0,0,1,0,0,"Italy","Italy","Italy","Europe & Central Asia","High income",""
"ITA",63,1,0,0,0,0,0,"Italy","Italy","Italy","Europe & Central Asia","High income",""
"ITA",64,1,0,0,0,0,0,"Italy","Italy","Italy","Europe & Central Asia","High income",""
"ITA",650,0,0,0,1,0,0,"Italy","Italy","Italy","Europe & Central Asia","High income",""
"ITA",56,1,0,0,1,0,0,"Italy","Italy","Italy","Europe & Central Asia","High income",""
"ITA",514,1,1,0,0,1,0,"Italy","Italy","Italy","Europe & Central Asia","High income",""
"ITA",148,0,0,1,0,0,0,"Italy","Italy","Italy","Europe & Central Asia","High income",""
"ITA",238,1,0,0,0,0,0,"Italy","Italy","Italy","Europe & Central Asia","High income",""
"ITA",78,1,0,0,0,0,0,"Italy","Italy","Italy","Europe & Central Asia","High income",""
"ITA",462,1,0,0,0,1,0,"Italy","Italy","Italy","Europe & Central Asia","High income",""
"JOR",377,1,0,0,1,1,0,"Jordan","Jordan","Jordan","Middle East & North Africa","Lower middle income","IBRD"
"JOR",443,1,0,0,0,0,0,"Jordan","Jordan","Jordan","Middle East & North Africa","Lower middle income","IBRD"
"JPN",314,0,0,0,1,0,0,"Japan","Japan","Japan","East Asia & Pacific","High income",""
"JPN",589,0,0,1,0,0,0,"Japan","Japan","Japan","East Asia & Pacific","High income",""
"JPN",638,0,0,0,1,0,0,"Japan","Japan","Japan","East Asia & Pacific","High income",""
"JPN",392,0,0,0,1,0,0,"Japan","Japan","Japan","East Asia & Pacific","High income",""
"JPN",127,0,0,0,1,0,0,"Japan","Japan","Japan","East Asia & Pacific","High income",""
"JPN",600,0,0,0,1,0,0,"Japan","Japan","Japan","East Asia & Pacific","High income",""
"KAZ",495,1,0,0,1,0,0,"Kazakhstan","Kazakhstan","Kazakhstan","Europe & Central Asia","Upper middle income","IBRD"
"KGZ",246,1,0,0,0,1,0,"Kyrgyzstan","Kyrgyzstan","Kyrgyz Republic","Europe & Central Asia","Lower middle income","IDA"
"KHM",195,1,0,0,0,1,0,"Cambodia","Cambodia","Cambodia","East Asia & Pacific","Lower middle income","IDA"
"KOR",604,1,0,0,1,1,0,"South Korea","South Korea","Korea, Rep.","East Asia & Pacific","High income",""
"KOR",552,1,0,1,0,1,0,"Korea","Korea","Korea, Rep.","East Asia & Pacific","High income",""
"KOR",365,0,0,0,1,0,0,"South Korea","South Korea","Korea, Rep.","East Asia & Pacific","High income",""
"KOR",605,1,0,0,1,1,0,"South Korea","South Korea","Korea, Rep.","East Asia & Pacific","High income",""
"KOR",284,1,0,0,0,1,0,"South Korea","South Korea","Korea, Rep.","East Asia & Pacific","High income",""
"KOR",586,0,0,1,0,0,0,"South Korea","South Korea","Korea, Rep.","East Asia & Pacific","High income",""
"KOR",102,1,0,0,1,1,0,"South Korea","South Korea","Korea, Rep.","East Asia & Pacific","High income",""
"KOR",573,1,0,1,0,0,0,"South Korea","South Korea","Korea, Rep.","East Asia & Pacific","High income",""
"KOR",568,0,0,1,0,0,0,"South Korea","South Korea","Korea, Rep.","East Asia & Pacific","High income",""
"KOR",209,1,0,0,0,0,0,"South Korea","South Korea","Korea, Rep.","East Asia & Pacific","High income",""
"KOR",532,1,0,0,1,0,0,"South Korea","South Korea","Korea, Rep.","East Asia & Pacific","High income",""
"KOR",297,0,0,0,0,1,0,"South Korea","South Korea","Korea, Rep.","East Asia & Pacific","High income",""
"KOR",96,1,0,0,0,0,0,"South Korea","South Korea","Korea, Rep.","East Asia & Pacific","High income",""
"KOR",319,1,0,0,0,1,0,"South Korea","South Korea","Korea, Rep.","East Asia & Pacific","High income",""
"KOR",589,0,0,1,0,0,0,"South Korea","South Korea","Korea, Rep.","East Asia & Pacific","High income",""
"KOR",569,0,0,1,0,0,0,"South Korea","South Korea","Korea, Rep.","East Asia & Pacific","High income",""
"KOR",123,1,0,1,0,0,0,"Korea","Korea","Korea, Rep.","East Asia & Pacific","High income",""
"KOR",538,1,0,0,1,1,0,"Korea","Korea","Korea, Rep.","East Asia & Pacific","High income",""
"KOR",542,1,0,0,0,0,0,"South Korea","South Korea","Korea, Rep.","East Asia & Pacific","High income",""
"KOR",91,1,0,0,1,0,0,"South Korea","South Korea","Korea, Rep.","East Asia & Pacific","High income",""
"KOR",496,1,1,0,1,1,0,"South Korea","South Korea","Korea, Rep.","East Asia & Pacific","High income",""
"KOR",357,0,0,0,0,1,0,"South Korea","South Korea","Korea, Rep.","East Asia & Pacific","High income",""
"KOR",133,0,0,0,0,1,0,"South Korea","South Korea","Korea, Rep.","East Asia & Pacific","High income",""
"KOR",632,1,0,0,1,1,0,"Korea","Korea","Korea, Rep.","East Asia & Pacific","High income",""
"KOR",145,0,0,0,1,1,0,"South Korea","South Korea","Korea, Rep.","East Asia & Pacific","High income",""
"KOR",393,1,0,0,1,0,0,"Korea","Korea","Korea, Rep.","East Asia & Pacific","High income",""
"LBN",549,1,0,0,0,1,0,"Lebanon","Lebanon","Lebanon","Middle East & North Africa","Lower middle income","IBRD"
"LBN",436,1,1,0,1,1,0,"Lebanon","Lebanon","Lebanon","Middle East & North Africa","Lower middle income","IBRD"
"LBN",601,1,1,0,0,0,0,"Lebanon","Lebanon","Lebanon","Middle East & North Africa","Lower middle income","IBRD"
"LTU",235,0,0,0,1,0,0,"Lithuania","Lithuania","Lithuania","Europe & Central Asia","High income",""
"LUX",235,0,0,0,1,0,0,"Luxembourg","Luxembourg","Luxembourg","Europe & Central Asia","High income",""
"LVA",465,1,0,0,0,1,0,"Latvia","Latvia","Latvia","Europe & Central Asia","High income",""
"LVA",235,0,0,0,1,0,0,"Latvia","Latvia","Latvia","Europe & Central Asia","High income",""
"MEX",640,1,1,1,0,0,0,"Mexico","Mexico","Mexico","Latin America & Caribbean","Upper middle income","IBRD"
"MEX",641,1,0,0,1,0,0,"Mexico","Mexico","Mexico","Latin America & Caribbean","Upper middle income","IBRD"
"MEX",679,1,1,0,1,1,0,"Mexico","Mexico","Mexico","Latin America & Caribbean","Upper middle income","IBRD"
"MEX",446,1,0,0,1,1,0,"Mexico","Mexico","Mexico","Latin America & Caribbean","Upper middle income","IBRD"
"MEX",536,1,0,0,0,0,0,"Mexico","Mexico","Mexico","Latin America & Caribbean","Upper middle income","IBRD"
"MEX",680,1,0,0,1,0,0,"Mexico","Mexico","Mexico","Latin America & Caribbean","Upper middle income","IBRD"
"MEX",431,1,0,0,1,0,0,"Mexico","Mexico","Mexico","Latin America & Caribbean","Upper middle income","IBRD"
"MEX",500,1,0,0,1,0,0,"Mexico","Mexico","Mexico","Latin America & Caribbean","Upper middle income","IBRD"
"MEX",390,1,0,0,0,1,0,"Mexico","Mexico","Mexico","Latin America & Caribbean","Upper middle income","IBRD"
"MEX",515,1,0,0,0,0,0,"Mexico","Mexico","Mexico","Latin America & Caribbean","Upper middle income","IBRD"
"MKD",111,1,0,0,0,0,0,"Macedonia","Macedonia","North Macedonia","Europe & Central Asia","Upper middle income","IBRD"
"MKD",235,0,0,0,1,0,0,"Macedonia","Macedonia","North Macedonia","Europe & Central Asia","Upper middle income","IBRD"
"MLT",235,0,0,0,1,0,0,"Malta","Malta","Malta","Middle East & North Africa","High income",""
"MMR",687,1,0,0,0,1,0,"Myanmar","Myanmar","Myanmar","East Asia & Pacific","Lower middle income","IDA"
"MNE",111,1,0,0,0,0,0,"Montenegro","Montenegro","Montenegro","Europe & Central Asia","Upper middle income","IBRD"
"MNE",235,0,0,0,1,0,0,"Montenegro","Montenegro","Montenegro","Europe & Central Asia","Upper middle income","IBRD"
"MNG",424,1,0,1,0,1,0,"Mongolia","Mongolia","Mongolia","East Asia & Pacific","Upper middle income","IBRD"
"MYS",624,1,0,0,0,0,0,"Malaysia","Malaysia","Malaysia","East Asia & Pacific","Upper middle income","IBRD"
"MYS",612,1,0,0,1,0,0,"Malaysia","Malaysia","Malaysia","East Asia & Pacific","Upper middle income","IBRD"
"MYS",253,0,0,0,1,0,0,"Malaysia","Malaysia","Malaysia","East Asia & Pacific","Upper middle income","IBRD"
"MYS",699,1,0,0,0,1,0,"Malaysia","Malaysia","Malaysia","East Asia & Pacific","Upper middle income","IBRD"
"MYS",309,1,0,0,1,0,0,"Malaysia","Malaysia","Malaysia","East Asia & Pacific","Upper middle income","IBRD"
"MYS",463,0,0,1,0,0,0,"Malaysia","Malaysia","Malaysia","East Asia & Pacific","Upper middle income","IBRD"
"MYS",47,1,0,0,0,1,0,"Malaysia","Malaysia","Malaysia","East Asia & Pacific","Upper middle income","IBRD"
"MYS",323,0,0,0,1,0,0,"Malaysia","Malaysia","Malaysia","East Asia & Pacific","Upper middle income","IBRD"
"MYS",451,0,0,0,0,1,0,"Malaysia","Malaysia","Malaysia","East Asia & Pacific","Upper middle income","IBRD"
"MYS",703,1,0,0,0,1,0,"Malaysia","Malaysia","Malaysia","East Asia & Pacific","Upper middle income","IBRD"
"MYS",657,1,0,0,0,1,0,"Malaysia","Malaysia","Malaysia","East Asia & Pacific","Upper middle income","IBRD"
"MYS",665,1,0,0,1,0,0,"Malaysia","Malaysia","Malaysia","East Asia & Pacific","Upper middle income","IBRD"
"MYS",589,0,0,1,0,0,0,"Malaysia","Malaysia","Malaysia","East Asia & Pacific","Upper middle income","IBRD"
"MYS",427,1,0,0,0,0,0,"Malaysia","Malaysia","Malaysia","East Asia & Pacific","Upper middle income","IBRD"
"MYS",351,1,0,0,1,0,0,"Malaysia","Malaysia","Malaysia","East Asia & Pacific","Upper middle income","IBRD"
"MYS",322,0,0,0,0,1,0,"Malaysia","Malaysia","Malaysia","East Asia & Pacific","Upper middle income","IBRD"
"MYS",665,1,0,0,1,0,0,"Malaysia","Malaysia","Malaysia","East Asia & Pacific","Upper middle income","IBRD"
"MYS",413,1,0,0,1,1,0,"Malaysia","Malaysia","Malaysia","East Asia & Pacific","Upper middle income","IBRD"
"MYS",367,0,0,1,0,0,0,"Malaysia","Malaysia","Malaysia","East Asia & Pacific","Upper middle income","IBRD"
"MYS",98,1,0,0,0,1,0,"Malaysia","Malaysia","Malaysia","East Asia & Pacific","Upper middle income","IBRD"
"MYS",351,1,0,0,1,0,0,"Malaysia","Malaysia","Malaysia","East Asia & Pacific","Upper middle income","IBRD"
"MYS",656,1,0,0,0,1,0,"Malaysia","Malaysia","Malaysia","East Asia & Pacific","Upper middle income","IBRD"
"MYS",661,1,0,0,0,0,0,"Malaysia","Malaysia","Malaysia","East Asia & Pacific","Upper middle income","IBRD"
"NGA",652,1,0,0,0,1,0,"Nigeria","Nigeria","Nigeria","Sub-Saharan Africa","Lower middle income","Blend"
"NLD",215,1,0,0,1,0,0,"Netherlands","Netherlands","Netherlands","Europe & Central Asia","High income",""
"NLD",235,0,0,0,1,0,0,"Netherlands","Netherlands","Netherlands","Europe & Central Asia","High income",""
"NLD",139,0,0,0,1,0,0,"Netherlands","Netherlands","Netherlands","Europe & Central Asia","High income",""
"NLD",416,1,0,0,1,0,0,"Netherlands","Netherlands","Netherlands","Europe & Central Asia","High income",""
"NLD",276,1,0,0,0,0,0,"The Netherlands","The Netherlands","Netherlands","Europe & Central Asia","High income",""
"NOR",106,1,0,0,0,0,0,"Norway","Norway","Norway","Europe & Central Asia","High income",""
"NOR",64,1,0,0,0,0,0,"Norway","Norway","Norway","Europe & Central Asia","High income",""
"NOR",8,0,0,1,0,0,0,"Norway","Norway","Norway","Europe & Central Asia","High income",""
"NPL",33,0,0,0,1,0,0,"Nepal","Nepal","Nepal","South Asia","Lower middle income","IDA"
"NPL",300,1,0,0,1,1,0,"Nepal","Nepal","Nepal","South Asia","Lower middle income","IDA"
"NZL",704,1,0,0,1,0,0,"New Zealand","New Zealand","New Zealand","East Asia & Pacific","High income",""
"NZL",159,1,0,0,1,0,0,"New Zealand","New Zealand","New Zealand","East Asia & Pacific","High income",""
"OMN",283,1,0,0,1,1,0,"Oman","Oman","Oman","Middle East & North Africa","High income",""
"OMN",471,1,0,0,1,0,0,"Oman","Oman","Oman","Middle East & North Africa","High income",""
"PAK",673,1,0,0,1,1,0,"Pakistan","Pakistan","Pakistan","South Asia","Lower middle income","Blend"
"PAK",669,1,0,0,0,1,0,"Pakistan","Pakistan","Pakistan","South Asia","Lower middle income","Blend"
"PAK",45,0,0,0,0,1,0,"Pakistan","Pakistan","Pakistan","South Asia","Lower middle income","Blend"
"PAK",192,1,1,1,0,0,0,"Pakistan","Pakistan","Pakistan","South Asia","Lower middle income","Blend"
"PAK",579,1,0,0,0,1,0,"Pakistan","Pakistan","Pakistan","South Asia","Lower middle income","Blend"
"PAK",48,0,0,1,1,0,0,"Pakistan","Pakistan","Pakistan","South Asia","Lower middle income","Blend"
"PAK",291,1,0,0,0,1,0,"Pakistan","Pakistan","Pakistan","South Asia","Lower middle income","Blend"
"PAK",675,1,0,0,1,1,0,"Pakistan","Pakistan","Pakistan","South Asia","Lower middle income","Blend"
"PAK",317,1,0,0,0,1,0,"Pakistan","Pakistan","Pakistan","South Asia","Lower middle income","Blend"
"PAK",456,0,0,1,0,0,0,"Pakistan","Pakistan","Pakistan","South Asia","Lower middle income","Blend"
"PAK",234,1,0,0,0,0,0,"Pakistan","Pakistan","Pakistan","South Asia","Lower middle income","Blend"
"PAK",26,0,0,1,0,0,0,"Pakistan","Pakistan","Pakistan","South Asia","Lower middle income","Blend"
"PER",356,0,0,0,0,1,0,"Peru","Peru","Peru","Latin America & Caribbean","Upper middle income","IBRD"
"PHL",589,0,0,1,0,0,0,"Philippines","Philippines","Philippines","East Asia & Pacific","Lower middle income","IBRD"
"PHL",463,0,0,1,0,0,0,"Philippines","Philippines","Philippines","East Asia & Pacific","Lower middle income","IBRD"
"PHL",423,1,0,0,1,0,0,"Philippines","Philippines","Philippines","East Asia & Pacific","Lower middle income","IBRD"
"PHL",361,0,0,1,0,0,0,"Philippines","Philippines","Philippines","East Asia & Pacific","Lower middle income","IBRD"
"PHL",29,1,0,0,0,0,0,"Philippines","Philippines","Philippines","East Asia & Pacific","Lower middle income","IBRD"
"POL",642,1,0,1,0,0,0,"Poland","Poland","Poland","Europe & Central Asia","High income","IBRD"
"POL",578,1,0,0,1,0,0,"Poland","Poland","Poland","Europe & Central Asia","High income","IBRD"
"POL",63,1,0,0,0,0,0,"Poland","Poland","Poland","Europe & Central Asia","High income","IBRD"
"POL",425,0,0,1,0,0,0,"Poland","Poland","Poland","Europe & Central Asia","High income","IBRD"
"POL",551,1,0,0,0,0,0,"Poland","Poland","Poland","Europe & Central Asia","High income","IBRD"
"POL",235,0,0,0,1,0,0,"Poland","Poland","Poland","Europe & Central Asia","High income","IBRD"
"POL",247,0,0,0,0,1,0,"Poland","Poland","Poland","Europe & Central Asia","High income","IBRD"
"POL",574,1,0,0,0,0,0,"Poland","Poland","Poland","Europe & Central Asia","High income","IBRD"
"POL",119,0,0,1,0,0,0,"Poland","Poland","Poland","Europe & Central Asia","High income","IBRD"
"POL",299,1,0,0,1,0,0,"Poland","Poland","Poland","Europe & Central Asia","High income","IBRD"
"POL",383,1,0,0,0,0,0,"Poland","Poland","Poland","Europe & Central Asia","High income","IBRD"
"PRT",273,1,0,0,0,1,0,"Portugal","Portugal","Portugal","Europe & Central Asia","High income",""
"PRT",505,1,0,0,0,0,0,"Portugal","Portugal","Portugal","Europe & Central Asia","High income",""
"PRT",66,1,0,0,0,0,0,"Portugal","Portugal","Portugal","Europe & Central Asia","High income",""
"PRT",554,1,1,0,0,0,0,"Portugal","Portugal","Portugal","Europe & Central Asia","High income",""
"PRT",2,1,0,0,1,1,0,"Portugal","Portugal","Portugal","Europe & Central Asia","High income",""
"PRT",364,1,0,0,0,1,0,"Portugal","Portugal","Portugal","Europe & Central Asia","High income",""
"PRT",667,1,0,0,1,0,0,"Portugal","Portugal","Portugal","Europe & Central Asia","High income",""
"PRT",235,0,0,0,1,0,0,"Portugal","Portugal","Portugal","Europe & Central Asia","High income",""
"ROU",235,0,0,0,1,0,0,"Romania","Romania","Romania","Europe & Central Asia","High income","IBRD"
"ROU",584,1,0,0,1,0,0,"Romania","Romania","Romania","Europe & Central Asia","High income","IBRD"
"ROU",688,1,0,0,0,1,0,"Romania","Romania","Romania","Europe & Central Asia","High income","IBRD"
"RUS",448,1,0,0,1,0,0,"Russia","Russia","Russian Federation","Europe & Central Asia","High income","IBRD"
"RWA",540,1,0,0,1,1,0,"Rwanda","Rwanda","Rwanda","Sub-Saharan Africa","Low income","IDA"
"RWA",356,0,0,0,0,1,0,"Rwanda","Rwanda","Rwanda","Sub-Saharan Africa","Low income","IDA"
"SAU",635,1,0,0,1,1,0,"Saudi Arabia","Saudi Arabia","Saudi Arabia","Middle East & North Africa","High income",""
"SEN",582,0,0,1,0,0,0,"Senegal","Senegal","Senegal","Sub-Saharan Africa","Lower middle income","IDA"
"SGP",613,1,0,0,0,1,0,"Singapore","Singapore","Singapore","East Asia & Pacific","High income",""
"SGP",267,1,0,0,0,1,0,"Singapore","Singapore","Singapore","East Asia & Pacific","High income",""
"SGP",367,0,0,1,0,0,0,"Singapore","Singapore","Singapore","East Asia & Pacific","High income",""
"SGP",704,1,0,0,1,0,0,"Singapore","Singapore","Singapore","East Asia & Pacific","High income",""
"SGP",281,1,0,0,0,1,0,"Singapore","Singapore","Singapore","East Asia & Pacific","High income",""
"SGP",334,1,0,0,0,0,0,"Singapore","Singapore","Singapore","East Asia & Pacific","High income",""
"SGP",305,0,0,1,0,0,0,"Singapore","Singapore","Singapore","East Asia & Pacific","High income",""
"SGP",589,0,0,1,0,0,0,"Singapore","Singapore","Singapore","East Asia & Pacific","High income",""
"SGP",152,1,0,0,0,1,0,"Singapore","Singapore","Singapore","East Asia & Pacific","High income",""
"SRB",587,1,0,0,0,1,0,"Serbia","Serbia","Serbia","Europe & Central Asia","Upper middle income","IBRD"
"SRB",111,1,0,0,0,0,0,"Serbia","Serbia","Serbia","Europe & Central Asia","Upper middle income","IBRD"
"SRB",60,1,0,0,0,1,0,"Serbia","Serbia","Serbia","Europe & Central Asia","Upper middle income","IBRD"
"SRB",235,0,0,0,1,0,0,"Serbia","Serbia","Serbia","Europe & Central Asia","Upper middle income","IBRD"
"SVK",235,0,0,0,1,0,0,"Slovakia","Slovakia","Slovak Republic","Europe & Central Asia","High income",""
"SVN",503,1,0,0,0,1,0,"Slovenia","Slovenia","Slovenia","Europe & Central Asia","High income",""
"SVN",487,1,0,1,0,1,0,"Slovenia","Slovenia","Slovenia","Europe & Central Asia","High income",""
"SVN",611,1,1,0,0,0,0,"Slovenia","Slovenia","Slovenia","Europe & Central Asia","High income",""
"SVN",235,0,0,0,1,0,0,"Slovenia","Slovenia","Slovenia","Europe & Central Asia","High income",""
"SWE",654,1,0,0,0,0,0,"Sweden","Sweden","Sweden","Europe & Central Asia","High income",""
"SWE",655,1,0,0,0,0,0,"Sweden","Sweden","Sweden","Europe & Central Asia","High income",""
"SWE",345,1,0,0,1,0,0,"Sweden","Sweden","Sweden","Europe & Central Asia","High income",""
"SWE",238,1,0,0,0,0,0,"Sweden","Sweden","Sweden","Europe & Central Asia","High income",""
"SWE",56,1,0,0,1,0,0,"Sweden","Sweden","Sweden","Europe & Central Asia","High income",""
"SWE",344,1,0,0,1,0,0,"Sweden","Sweden","Sweden","Europe & Central Asia","High income",""
"SWE",16,1,0,0,1,0,0,"Sweden","Sweden","Sweden","Europe & Central Asia","High income",""
"SWE",235,0,0,0,1,0,0,"Sweden","Sweden","Sweden","Europe & Central Asia","High income",""
"SWE",513,1,0,0,0,0,0,"Sweden","Sweden","Sweden","Europe & Central Asia","High income",""
"SWE",63,1,0,0,0,0,0,"Sweden","Sweden","Sweden","Europe & Central Asia","High income",""
"SWE",359,0,0,0,1,0,0,"Sweden","Sweden","Sweden","Europe & Central Asia","High income",""
"SWE",13,0,0,1,0,0,0,"Sweden","Sweden","Sweden","Europe & Central Asia","High income",""
"THA",421,1,0,0,0,1,0,"Thailand","Thailand","Thailand","East Asia & Pacific","Upper middle income","IBRD"
"THA",497,1,0,1,0,1,0,"Thailand","Thailand","Thailand","East Asia & Pacific","Upper middle income","IBRD"
"THA",467,0,0,1,0,0,0,"Thailand","Thailand","Thailand","East Asia & Pacific","Upper middle income","IBRD"
"THA",441,1,0,0,1,0,0,"Thailand","Thailand","Thailand","East Asia & Pacific","Upper middle income","IBRD"
"THA",449,1,0,0,0,0,0,"Thailand","Thailand","Thailand","East Asia & Pacific","Upper middle income","IBRD"
"THA",420,1,0,0,1,1,0,"Thailand","Thailand","Thailand","East Asia & Pacific","Upper middle income","IBRD"
"THA",473,1,0,0,0,0,0,"Thailand","Thailand","Thailand","East Asia & Pacific","Upper middle income","IBRD"
"THA",303,1,0,0,1,1,0,"Thailand","Thailand","Thailand","East Asia & Pacific","Upper middle income","IBRD"
"THA",589,0,0,1,0,0,0,"Thailand","Thailand","Thailand","East Asia & Pacific","Upper middle income","IBRD"
"THA",463,0,0,1,0,0,0,"Thailand","Thailand","Thailand","East Asia & Pacific","Upper middle income","IBRD"
"THA",36,1,0,1,0,0,0,"Thailand","Thailand","Thailand","East Asia & Pacific","Upper middle income","IBRD"
"TUR",644,1,0,0,0,0,0,"Turkyie","Turkey","Trkiye","Europe & Central Asia","Upper middle income","IBRD"
"TUR",206,1,0,1,0,0,0,"Turkey","Turkey","Trkiye","Europe & Central Asia","Upper middle income","IBRD"
"TUR",422,1,0,0,0,0,0,"Turkey","Turkey","Trkiye","Europe & Central Asia","Upper middle income","IBRD"
"TUR",625,1,0,0,0,0,0,"Turkey","Turkey","Trkiye","Europe & Central Asia","Upper middle income","IBRD"
"TUR",686,1,0,0,0,0,0,"Turkey","Turkey","Trkiye","Europe & Central Asia","Upper middle income","IBRD"
"TUR",235,0,0,0,1,0,0,"Turkey","Turkey","Trkiye","Europe & Central Asia","Upper middle income","IBRD"
"TUR",501,1,0,0,1,0,0,"Trkiye","Trkiye","Trkiye","Europe & Central Asia","Upper middle income","IBRD"
"TUR",678,1,0,0,0,0,0,"Turkey","Turkey","Trkiye","Europe & Central Asia","Upper middle income","IBRD"
"TWN",461,0,0,1,1,0,0,"Taiwan","Taiwan","Taiwan, China","East Asia & Pacific","High income",""
"TWN",631,1,0,1,1,0,0,"Taiwan","Taiwan","Taiwan, China","East Asia & Pacific","High income",""
"TWN",553,1,0,0,1,1,0,"Taiwan","Taiwan","Taiwan, China","East Asia & Pacific","High income",""
"TWN",308,1,0,0,0,1,0,"Taiwan","Taiwan","Taiwan, China","East Asia & Pacific","High income",""
"TWN",174,1,0,1,0,1,0,"Taiwan","Taiwan","Taiwan, China","East Asia & Pacific","High income",""
"TWN",315,1,0,0,0,1,0,"Taiwan","Taiwan","Taiwan, China","East Asia & Pacific","High income",""
"TWN",248,1,0,0,0,1,0,"Taiwan","Taiwan","Taiwan, China","East Asia & Pacific","High income",""
"TWN",481,1,0,1,0,1,0,"Taiwan","Taiwan","Taiwan, China","East Asia & Pacific","High income",""
"TWN",134,1,0,0,0,0,0,"Taiwan","Taiwan","Taiwan, China","East Asia & Pacific","High income",""
"UGA",246,1,0,0,0,1,0,"Uganda","Uganda","Uganda","Sub-Saharan Africa","Low income","IDA"
"USA",164,1,0,0,1,1,0,"United States","United States","United States","North America","High income",""
"USA",341,1,0,1,0,1,0,"United States","United States","United States","North America","High income",""
"USA",376,0,0,1,0,0,0,"United States","United States","United States","North America","High income",""
"USA",561,1,0,0,1,0,0,"United States","United States","United States","North America","High income",""
"USA",483,1,0,0,1,1,0,"United States","United States","United States","North America","High income",""
"USA",265,1,0,0,0,0,0,"United States","United States","United States","North America","High income",""
"USA",408,0,0,0,1,0,0,"United States","United States","United States","North America","High income",""
"USA",328,1,0,0,1,1,0,"United States","United States","United States","North America","High income",""
"USA",32,1,0,0,0,0,0,"United States","United States","United States","North America","High income",""
"USA",259,0,0,1,0,0,0,"United States","United States","United States","North America","High income",""
"USA",559,1,0,0,1,0,0,"United States","United States","United States","North America","High income",""
"USA",64,1,0,0,0,0,0,"USA","USA","United States","North America","High income",""
"USA",81,1,0,0,0,1,0,"United States","United States","United States","North America","High income",""
"USA",220,1,0,0,1,1,0,"United States","United States","United States","North America","High income",""
"USA",437,1,0,0,1,0,0,"USA","USA","United States","North America","High income",""
"USA",80,1,0,0,0,1,0,"United States","United States","United States","North America","High income",""
"USA",337,1,0,0,0,0,0,"United States","United States","United States","North America","High income",""
"USA",166,1,0,0,0,1,0,"United States","United States","United States","North America","High income",""
"USA",177,0,0,1,0,0,0,"United States","United States","United States","North America","High income",""
"USA",141,1,0,0,0,1,0,"United States","United States","United States","North America","High income",""
"USA",347,1,0,0,0,0,0,"United States","United States","United States","North America","High income",""
"USA",521,1,0,0,1,0,0,"United States","United States","United States","North America","High income",""
"USA",403,1,0,0,1,1,0,"United States","United States","United States","North America","High income",""
"USA",135,1,0,0,0,0,0,"United States","United States","United States","North America","High income",""
"USA",79,1,0,1,0,0,0,"United States","United States","United States","North America","High income",""
"USA",537,1,0,0,0,0,0,"United States","United States","United States","North America","High income",""
"USA",645,1,0,0,0,0,0,"United States","United States","United States","North America","High income",""
"USA",407,1,0,0,1,0,0,"United States","United States","United States","North America","High income",""
"USA",31,0,0,0,0,1,0,"United States","United States","United States","North America","High income",""
"USA",677,0,0,0,0,1,0,"United States","United States","United States","North America","High income",""
"USA",130,1,0,0,1,0,0,"United States","United States","United States","North America","High income",""
"USA",338,0,0,1,0,0,0,"United States","United States","United States","North America","High income",""
"USA",244,1,0,0,1,0,0,"United States","United States","United States","North America","High income",""
"USA",371,0,0,1,0,0,0,"United States","United States","United States","North America","High income",""
"USA",106,1,0,0,0,0,0,"United States","United States","United States","North America","High income",""
"USA",245,1,0,0,0,1,0,"United States","United States","United States","North America","High income",""
"USA",489,1,0,0,0,1,0,"United States","United States","United States","North America","High income",""
"USA",185,1,0,1,0,0,0,"United States","United States","United States","North America","High income",""
"USA",156,1,0,0,1,1,0,"United States","United States","United States","North America","High income",""
"USA",536,1,0,0,0,0,0,"United States","United States","United States","North America","High income",""
"USA",71,1,0,0,0,0,0,"United States","United States","United States","North America","High income",""
"USA",490,1,0,0,1,1,0,"United States","United States","United States","North America","High income",""
"USA",298,1,0,0,1,1,0,"United States","United States","United States","North America","High income",""
"USA",517,0,0,1,0,0,0,"United States","United States","United States","North America","High income",""
"USA",35,1,0,0,1,1,0,"United States","United States","United States","North America","High income",""
"USA",272,1,0,0,1,0,0,"United States","United States","United States","North America","High income",""
"USA",197,0,0,0,1,0,0,"United States","United States","United States","North America","High income",""
"USA",275,0,0,0,0,1,0,"United States","United States","United States","North America","High income",""
"USA",346,0,0,1,0,0,0,"United States","United States","United States","North America","High income",""
"USA",397,1,0,0,1,0,0,"United States","United States","United States","North America","High income",""
"USA",460,0,0,1,0,0,0,"United States","United States","United States","North America","High income",""
"USA",662,0,0,0,0,1,0,"United States","United States","United States","North America","High income",""
"USA",454,1,0,0,0,1,0,"United States","United States","United States","North America","High income",""
"USA",535,0,0,0,1,0,0,"United States","United States","United States","North America","High income",""
"USA",34,1,0,0,0,0,0,"United States","United States","United States","North America","High income",""
"USA",97,1,0,0,0,0,0,"United States","United States","United States","North America","High income",""
"USA",498,1,0,0,1,0,0,"United States","United States","United States","North America","High income",""
"USA",29,1,0,0,0,0,0,"United States","United States","United States","North America","High income",""
"USA",461,0,0,1,1,0,0,"United States","United States","United States","North America","High income",""
"VEN",676,1,0,0,1,0,0,"Venezuela","Venezuela","Venezuela, RB","Latin America & Caribbean","Upper middle income","IBRD"
"VEN",428,0,0,1,0,0,0,"Venezuela","Venezuela","Venezuela, RB","Latin America & Caribbean","Upper middle income","IBRD"
"VNM",320,0,0,1,0,0,0,"Vietnam","Vietnam","Vietnam","East Asia & Pacific","Lower middle income","IBRD"
"VNM",374,1,0,1,0,0,0,"Vietnam","Vietnam","Vietnam","East Asia & Pacific","Lower middle income","IBRD"
"VNM",146,1,0,0,1,1,0,"Vietnam","Vietnam","Vietnam","East Asia & Pacific","Lower middle income","IBRD"
"VNM",350,1,0,0,1,1,0,"Vietnam","Vietnam","Vietnam","East Asia & Pacific","Lower middle income","IBRD"
"VNM",423,1,0,0,1,0,0,"Vietnam","Vietnam","Vietnam","East Asia & Pacific","Lower middle income","IBRD"
"VNM",589,0,0,1,0,0,0,"Vietnam","Vietnam","Vietnam","East Asia & Pacific","Lower middle income","IBRD"
"VNM",203,1,0,0,1,1,0,"Vietnam","Vietnam","Vietnam","East Asia & Pacific","Lower middle income","IBRD"
"VNM",246,1,0,0,0,1,0,"Vietnam","Vietnam","Vietnam","East Asia & Pacific","Lower middle income","IBRD"
"VNM",107,1,0,0,0,1,0,"Vietnam","Vietnam","Vietnam","East Asia & Pacific","Lower middle income","IBRD"
"ZAF",439,1,0,1,1,0,0,"South Africa","South Africa","South Africa","Sub-Saharan Africa","Upper middle income","IBRD"
"ZAF",478,0,0,1,0,0,0,"South Africa","South Africa","South Africa","Sub-Saharan Africa","Upper middle income","IBRD"
"ZAF",659,1,0,0,1,0,0,"South Africa","South Africa","South Africa","Sub-Saharan Africa","Upper middle income","IBRD"
"ZAF",64,1,0,0,0,0,0,"South Africa","South Africa","South Africa","Sub-Saharan Africa","Upper middle income","IBRD"
"ZAF",106,1,0,0,0,0,0,"South Africa","South Africa","South Africa","Sub-Saharan Africa","Upper middle income","IBRD"
"ZAF",378,1,0,0,1,0,0,"South Africa","South Africa","South Africa","Sub-Saharan Africa","Upper middle income","IBRD"
NA,614,1,0,0,0,0,0,"exclude","exclude",NA,NA,NA,NA
NA,648,1,0,0,0,0,0,"no access","no access",NA,NA,NA,NA
NA,508,0,0,0,0,1,0,"exclude","exclude",NA,NA,NA,NA
NA,470,1,0,0,1,0,0,"exclude","exclude",NA,NA,NA,NA
NA,472,1,0,0,0,0,0,"exclude","exclude",NA,NA,NA,NA
NA,292,1,0,0,0,0,0,"exclude","exclude",NA,NA,NA,NA
NA,485,1,0,0,0,1,0,"no info","no info",NA,NA,NA,NA
