custom_id,choice_index,message_content,inclusionChatGPTClean,response.body.model
6,0,"The paper should be excluded because it focuses on perceived air quality and symptoms related to relative humidity rather than air pollution or its direct effects.  
output_json  
{ ""inclusion"": [""excluded""] }",excluded,gpt-4o-mini-2024-07-18
6,1,"The paper should be excluded because it focuses on perceived air quality and symptoms related to relative humidity rather than air pollution as a primary outcome or explanatory variable.  
output_json  
{ ""inclusion"": [""excluded""] }",excluded,gpt-4o-mini-2024-07-18
6,2,"The paper should be excluded because it focuses on perceived air quality and symptoms related to relative humidity rather than air pollution as a primary outcome or explanatory variable.  
output_json  
{ ""inclusion"": [""excluded""] }",excluded,gpt-4o-mini-2024-07-18
6,3,"This paper should be excluded because it primarily investigates the effects of relative humidity on perceived air quality and thermal comfort without a direct focus on air pollution as a primary outcome or explanatory variable.  
output_json  
{ ""inclusion"": [""excluded""] }",excluded,gpt-4o-mini-2024-07-18
6,4,"The paper should be excluded because it focuses on perceived air quality and thermal comfort related to relative humidity rather than directly addressing air pollution or its perceptions in the context of pollution aspects.  
output_json  
{ ""inclusion"": [""excluded""] }",excluded,gpt-4o-mini-2024-07-18
15,0,"This paper is excluded because it is a position paper that does not utilize survey data as a primary research method. 

output_json  
{ ""inclusion"": [""excluded""] }",excluded,gpt-4o-mini-2024-07-18
15,1,"This paper is excluded because it is a position paper that provides recommendations based on existing scientific findings rather than presenting original research using survey data related to air pollution or air quality.  
output_json  
{ ""inclusion"": [""excluded""] }",excluded,gpt-4o-mini-2024-07-18
15,2,"This paper is excluded because it is a position paper that provides recommendations based on existing scientific findings rather than presenting original research using survey data related to air pollution or air quality.  
output_json  
{ ""inclusion"": [""excluded""] }",excluded,gpt-4o-mini-2024-07-18
15,3,"This paper is excluded because it is a position paper that provides recommendations based on existing scientific findings rather than presenting original research using survey data related to air pollution or air quality.  
output_json  
{ ""inclusion"": [""excluded""] }",excluded,gpt-4o-mini-2024-07-18
15,4,"This paper is excluded because it is a position paper that provides recommendations based on existing scientific findings rather than presenting original research using survey data related to air pollution or air quality.  
output_json  
{ ""inclusion"": [""excluded""] }",excluded,gpt-4o-mini-2024-07-18
38,0,"The paper investigates the concentration of nitrogen dioxide (NO2) in the air using a passive sampling method, focusing on air pollution as the primary outcome, thus meeting the inclusion criteria. 

output_json  
{ ""inclusion"": [""included""] }",included,gpt-4o-mini-2024-07-18
38,1,"The paper investigates the concentration of nitrogen dioxide (NO2) in the air using a passive sampling method, focusing on air pollution as the primary outcome, thus it meets the inclusion criteria.

output_json  
{ ""inclusion"": [""included""] }",included,gpt-4o-mini-2024-07-18
38,2,"The paper investigates the concentration of nitrogen dioxide (NO2) in the air using a passive sampling method, focusing on air pollution as the primary outcome, thus it meets the inclusion criteria.  
output_json  
{ ""inclusion"": [""included""] }",included,gpt-4o-mini-2024-07-18
38,3,"The paper investigates the concentration of nitrogen dioxide (NO2) in the air using a passive sampling method, focusing on air pollution as the primary outcome, thus meeting the criteria for inclusion.  
output_json  
{ ""inclusion"": [""included""] }",included,gpt-4o-mini-2024-07-18
38,4,"The paper investigates the concentration of nitrogen dioxide (NO2) in the air using a passive sampling method, focusing on air pollution as a primary outcome, thus it meets the inclusion criteria.  
output_json  
{ ""inclusion"": [""included""] }",included,gpt-4o-mini-2024-07-18
49,0,"This paper should be included in our study as it uses survey data to examine the relationship between education level and willingness to pay for air quality improvement, focusing on air pollution as a primary outcome.

output_json  
{ ""inclusion"": [""included""] }",included,gpt-4o-mini-2024-07-18
49,1,"This paper should be included in our study as it uses survey data to examine the relationship between education level and willingness to pay for air quality improvement, focusing on air pollution as a primary outcome.

output_json  
{ ""inclusion"": [""included""] }",included,gpt-4o-mini-2024-07-18
49,2,"This paper should be included in our study as it uses survey data to examine the relationship between education level and willingness to pay for air quality improvement, focusing on air pollution as a primary outcome.  
output_json  
{ ""inclusion"": [""included""] }",included,gpt-4o-mini-2024-07-18
49,3,"This paper should be included in our study as it uses survey data to examine the relationship between education level and willingness to pay for air quality improvement, focusing on air pollution as a primary outcome.

output_json  
{ ""inclusion"": [""included""] }",included,gpt-4o-mini-2024-07-18
49,4,"This paper should be included in our study as it uses survey data to examine the relationship between education level and willingness to pay for air quality improvement, focusing on air pollution as a primary outcome.

output_json  
{ ""inclusion"": [""included""] }",included,gpt-4o-mini-2024-07-18
73,0,"This paper should be included in our study as it uses survey data to examine health behavior modifications in response to air pollution notifications, focusing on air pollution as a primary explanatory variable.

output_json  
{ ""inclusion"": [""included""] }",included,gpt-4o-mini-2024-07-18
73,1,"This paper should be included in our study as it uses survey data to examine health behavior modifications in response to air pollution notifications, focusing on air pollution as a primary explanatory variable.

output_json  
{ ""inclusion"": [""included""] }",included,gpt-4o-mini-2024-07-18
73,2,"The paper meets all the criteria as it uses survey data to study health behavior modifications in response to air pollution notifications, focusing on air pollution as a primary explanatory variable. 

output_json  
{ ""inclusion"": [""included""] }",included,gpt-4o-mini-2024-07-18
73,3,"The paper meets all the criteria as it uses survey data to study health behavior modifications in response to air pollution notifications, focusing on air pollution as a primary explanatory variable and including relevant perceptions of air quality. 

output_json  
{ ""inclusion"": [""included""] }",included,gpt-4o-mini-2024-07-18
73,4,"This paper should be included in our study as it uses survey data to examine health behavior modifications in response to air pollution notifications, focusing on air pollution as a primary explanatory variable.

output_json  
{ ""inclusion"": [""included""] }",included,gpt-4o-mini-2024-07-18
112,0,"This paper does not use survey data as a primary research method, focusing instead on qualitative evidence from interviews and compliance data, thus it should be excluded from our study.  
output_json  
{ ""inclusion"": [""excluded""] }",excluded,gpt-4o-mini-2024-07-18
112,1,"This paper should be excluded because it does not utilize survey data as a primary research method, focusing instead on qualitative evidence from interviews and compliance data.  
output_json  
{ ""inclusion"": [""excluded""] }",excluded,gpt-4o-mini-2024-07-18
112,2,"This paper should be excluded because it does not utilize survey data as a primary research method, focusing instead on qualitative evidence from interviews and compliance data.

output_json  
{ ""inclusion"": [""excluded""] }",excluded,gpt-4o-mini-2024-07-18
112,3,"This paper should be excluded because it does not utilize survey data as a primary research method, focusing instead on qualitative evidence from interviews and compliance data.  
output_json  
{ ""inclusion"": [""excluded""] }",excluded,gpt-4o-mini-2024-07-18
112,4,"This paper does not use survey data as a primary research method, focusing instead on qualitative evidence from interviews and compliance data, thus it should be excluded from our study.  
output_json  
{ ""inclusion"": [""excluded""] }",excluded,gpt-4o-mini-2024-07-18
117,0,"This paper should be excluded because, while it evaluates air quality perception, it does not focus on air pollution as a primary outcome or explanatory variable, but rather on thermal comfort and environmental variables. 

output_json  
{ ""inclusion"": [""excluded""] }",excluded,gpt-4o-mini-2024-07-18
117,1,"This paper should be excluded because, while it evaluates air quality perception, it does not focus on air pollution as a primary outcome or explanatory variable, but rather on thermal comfort and environmental variables.  
output_json  
{ ""inclusion"": [""excluded""] }",excluded,gpt-4o-mini-2024-07-18
117,2,"This paper should be excluded because, while it evaluates air quality perception, it does not focus on air pollution as a primary outcome or explanatory variable, but rather on thermal comfort and environmental variables.  
output_json  
{ ""inclusion"": [""excluded""] }",excluded,gpt-4o-mini-2024-07-18
117,3,"This paper should be excluded because, while it discusses air quality perception, it does not focus on air pollution as a primary outcome or explanatory variable, but rather on thermal comfort and environmental variables.  
output_json  
{ ""inclusion"": [""excluded""] }",excluded,gpt-4o-mini-2024-07-18
117,4,"This paper should be excluded because, while it evaluates air quality perception, it does not focus on air pollution as a primary outcome or explanatory variable, but rather on thermal comfort and environmental variables. 

output_json  
{ ""inclusion"": [""excluded""] }",excluded,gpt-4o-mini-2024-07-18
121,0,"This paper should be included in our study as it uses survey data to assess public willingness to pay for smog mitigation, focusing on air pollution as the primary outcome.

output_json  
{ ""inclusion"": [""included""] }",included,gpt-4o-mini-2024-07-18
121,1,"This paper should be included in our study as it uses survey data to assess public willingness to pay for smog mitigation, focusing on air pollution as the primary outcome.

output_json  
{ ""inclusion"": [""included""] }",included,gpt-4o-mini-2024-07-18
121,2,"This paper should be included in our study as it uses survey data to assess public willingness to pay for smog mitigation, focusing on air pollution as a primary outcome.

output_json  
{ ""inclusion"": [""included""] }",included,gpt-4o-mini-2024-07-18
121,3,"This paper should be included in our study as it uses survey data to assess public willingness to pay for smog mitigation, focusing on air pollution as a primary outcome.

output_json  
{ ""inclusion"": [""included""] }",included,gpt-4o-mini-2024-07-18
121,4,"This paper should be included in our study as it uses survey data to assess public willingness to pay for smog mitigation, focusing on air pollution as a primary outcome.

output_json  
{ ""inclusion"": [""included""] }",included,gpt-4o-mini-2024-07-18
122,0,"This paper should be excluded because it does not utilize survey data as a primary research method, focusing instead on quantitative analysis of air quality indicators and public opinion trends.  
output_json  
{ ""inclusion"": [""excluded""] }",excluded,gpt-4o-mini-2024-07-18
122,1,"This paper should be excluded because it does not utilize survey data as a primary research method, focusing instead on quantitative analysis of air quality indicators and public opinion trends.  
output_json  
{ ""inclusion"": [""excluded""] }",excluded,gpt-4o-mini-2024-07-18
122,2,"This paper should be excluded because it does not utilize survey data as a primary research method, focusing instead on quantitative analysis of air quality indicators and public opinion trends.  
output_json  
{ ""inclusion"": [""excluded""] }",excluded,gpt-4o-mini-2024-07-18
122,3,"This paper should be excluded because it does not utilize survey data as a primary research method, focusing instead on quantitative analysis of air quality indicators and public opinion trends.  
output_json  
{ ""inclusion"": [""excluded""] }",excluded,gpt-4o-mini-2024-07-18
122,4,"The paper does not use survey data as a primary research method, focusing instead on quantitative analysis of air quality indicators and public opinion trends, thus it should be excluded.  
output_json  
{ ""inclusion"": [""excluded""] }",excluded,gpt-4o-mini-2024-07-18
129,0,"This paper should be included in our study as it utilizes a large population-representative survey to assess air pollution exposure, focusing on both outdoor and indoor air quality through dynamic exposure assessment.

output_json  
{ ""inclusion"": [""included""] }",included,gpt-4o-mini-2024-07-18
129,1,"This paper should be included in our study as it utilizes a large population-representative survey to assess air pollution exposure, focusing on both outdoor and indoor air quality through dynamic exposure assessment.

output_json  
{ ""inclusion"": [""included""] }",included,gpt-4o-mini-2024-07-18
129,2,"This paper should be included in our study as it utilizes a large population-representative survey to assess dynamic air pollution exposure, focusing on air pollution as a primary outcome and incorporating both outdoor and indoor factors.

output_json  
{ ""inclusion"": [""included""] }",included,gpt-4o-mini-2024-07-18
129,3,"This paper should be included in our study as it utilizes survey data to assess dynamic air pollution exposure, focusing on air pollution as a primary outcome and considering both outdoor and indoor environments.

output_json  
{ ""inclusion"": [""included""] }",included,gpt-4o-mini-2024-07-18
129,4,"This paper should be included in our study as it utilizes a large population-representative survey to assess dynamic air pollution exposure, focusing on air pollution as a primary outcome and incorporating both outdoor and indoor factors.

output_json  
{ ""inclusion"": [""included""]}",included,gpt-4o-mini-2024-07-18
131,0,"This paper should be included in our study as it evaluates the effects of PM2.5 exposure on the mental stress of pregnant women, utilizing survey data and focusing on air pollution as a primary explanatory variable.

output_json  
{ ""inclusion"": [""included""] }",included,gpt-4o-mini-2024-07-18
131,1,"This paper should be included in our study as it evaluates the effects of PM2.5 exposure on the mental stress of pregnant women, using survey data and focusing on air pollution as a primary explanatory variable.

output_json  
{ ""inclusion"": [""included""] }",included,gpt-4o-mini-2024-07-18
131,2,"This paper should be included in our study as it evaluates the effects of PM2.5 exposure on the mental stress of pregnant women, utilizing survey data and focusing on air pollution as a primary explanatory variable.

output_json  
{ ""inclusion"": [""included""] }",included,gpt-4o-mini-2024-07-18
131,3,"This paper should be included in our study as it evaluates the effects of PM2.5 exposure on the mental stress of pregnant women, utilizing survey data and focusing on air pollution as a primary explanatory variable.

output_json  
{ ""inclusion"": [""included""] }",included,gpt-4o-mini-2024-07-18
131,4,"This paper should be included in our study as it evaluates the effects of PM2.5 exposure on the mental stress of pregnant women, utilizing survey data and focusing on air pollution as a primary explanatory variable.

output_json  
{ ""inclusion"": [""included""] }",included,gpt-4o-mini-2024-07-18
143,0,"This paper evaluates daily exposure to traffic-related air pollution using survey data, making it relevant to our study criteria. 

output_json  
{ ""inclusion"": [""included""] }",included,gpt-4o-mini-2024-07-18
143,1,"This paper evaluates daily exposure to traffic-related air pollution using survey data, making it relevant to our study criteria. 

output_json  
{ ""inclusion"": [""included""] }",included,gpt-4o-mini-2024-07-18
143,2,"This paper evaluates daily exposure to traffic-related air pollution using survey data, making it relevant to our study criteria. 

output_json  
{ ""inclusion"": [""included""] }",included,gpt-4o-mini-2024-07-18
143,3,"This paper evaluates daily exposure to traffic-related air pollution using survey data, making it relevant to our study criteria. 

output_json  
{ ""inclusion"": [""included""] }",included,gpt-4o-mini-2024-07-18
143,4,"This paper evaluates daily exposure to traffic-related air pollution using survey data, making it relevant to our study criteria. 

output_json  
{ ""inclusion"": [""included""] }",included,gpt-4o-mini-2024-07-18
158,0,"This paper should be included in our study as it analyzes air quality changes during the COVID-19 lockdown in India and incorporates survey data on public perceptions of air quality, focusing on pollution aspects.

output_json  
{ ""inclusion"": [""included""] }",included,gpt-4o-mini-2024-07-18
158,1,"This paper analyzes air quality changes during the COVID-19 lockdown in India and includes survey data on public perceptions of air quality, making it relevant to our study criteria.  
output_json  
{ ""inclusion"": [""included""] }",included,gpt-4o-mini-2024-07-18
158,2,"This paper should be included as it analyzes air quality changes during the COVID-19 lockdown in India and incorporates survey data on public perceptions related to air pollution.

output_json  
{ ""inclusion"": [""included""] }",included,gpt-4o-mini-2024-07-18
158,3,"This paper should be included in our study as it analyzes air quality changes during the COVID-19 lockdown in India and incorporates survey data on public perceptions of air quality, focusing on pollution aspects.

output_json  
{ ""inclusion"": [""included""] }",included,gpt-4o-mini-2024-07-18
158,4,"This paper should be included as it analyzes air quality changes during the COVID-19 lockdown in India and incorporates survey data on public perceptions of air quality, focusing on pollution aspects.

output_json  
{ ""inclusion"": [""included""] }",included,gpt-4o-mini-2024-07-18
167,0,"This paper should be included in our study as it uses survey data to assess public perceptions and willingness to pay for reducing air pollution, focusing on air quality as a primary outcome.

output_json  
{ ""inclusion"": [""included""] }",included,gpt-4o-mini-2024-07-18
167,1,"This paper should be included in our study as it uses survey data to assess public perceptions and willingness to pay for reducing air pollution in China, focusing on air quality as a primary outcome.  
output_json  
{ ""inclusion"": [""included""] }",included,gpt-4o-mini-2024-07-18
167,2,"This paper should be included in our study as it uses survey data to assess public perceptions and willingness to pay for reducing air pollution in China, focusing on air quality as a primary outcome.  
output_json  
{ ""inclusion"": [""included""] }",included,gpt-4o-mini-2024-07-18
167,3,"This paper should be included in our study as it uses survey data to assess public perceptions and willingness to pay for reducing air pollution in China, focusing on air quality as a primary outcome.  
output_json  
{ ""inclusion"": [""included""] }",included,gpt-4o-mini-2024-07-18
167,4,"This paper should be included in our study as it uses survey data to assess public perceptions and willingness to pay for reducing air pollution in China, focusing on air quality as a primary outcome.

output_json  
{ ""inclusion"": [""included""] }",included,gpt-4o-mini-2024-07-18
171,0,"This paper should be included in our study as it utilizes survey data to examine the impact of air quality on urban park visitation, focusing on air pollution as a significant explanatory variable.

output_json  
{ ""inclusion"": [""included""] }",included,gpt-4o-mini-2024-07-18
171,1,"This paper should be included in our study as it utilizes survey data to examine the impact of air quality on urban park visitation, focusing on air pollution as a significant explanatory variable.

output_json  
{ ""inclusion"": [""included""] }",included,gpt-4o-mini-2024-07-18
171,2,"This paper should be included in our study as it utilizes survey data to examine the relationship between air quality and urban park visitation, focusing on air pollution as a significant explanatory variable.

output_json  
{ ""inclusion"": [""included""] }",included,gpt-4o-mini-2024-07-18
171,3,"This paper should be included in our study as it utilizes survey data to examine the relationship between air quality and urban park visits, focusing on air pollution as an explanatory variable.  
output_json  
{ ""inclusion"": [""included""] }",included,gpt-4o-mini-2024-07-18
171,4,"This paper should be included in our study as it uses survey data to examine the impact of air quality on urban park visitation, focusing on air pollution as a significant explanatory variable.

output_json  
{ ""inclusion"": [""included""] }",included,gpt-4o-mini-2024-07-18
174,0,"This paper should be included in our study as it utilizes survey data to investigate the relationship between socio-physical environments and individuals' knowledge, attitude, and intention regarding air quality control policies, focusing on air pollution as a primary outcome.

output_json  
{ ""inclusion"": [""included""] }",included,gpt-4o-mini-2024-07-18
174,1,"This paper should be included in our study as it utilizes survey data to explore the relationship between socio-physical environments and individuals' knowledge, attitudes, and intentions regarding air quality control policies, focusing on air pollution as a primary outcome.

output_json  
{ ""inclusion"": [""included""] }",included,gpt-4o-mini-2024-07-18
174,2,"This paper should be included in our study as it utilizes survey data to explore the relationship between socio-physical environments and air quality control policies, focusing on knowledge, attitude, and intention related to air pollution.

output_json  
{ ""inclusion"": [""included""] }",included,gpt-4o-mini-2024-07-18
174,3,"This paper should be included in our study as it utilizes survey data to explore the relationship between socio-physical environments and individuals' knowledge, attitudes, and intentions regarding air quality control policies, focusing on air pollution as a primary outcome.

output_json  
{ ""inclusion"": [""included""] }",included,gpt-4o-mini-2024-07-18
174,4,"This paper should be included in our study as it utilizes survey data to explore the relationship between socio-physical environments and air quality control policies, focusing on knowledge, attitude, and intention related to air pollution.

output_json  
{ ""inclusion"": [""included""] }",included,gpt-4o-mini-2024-07-18
190,0,"This paper should be excluded because, despite using survey data, it does not demonstrate a change in travel-related behaviors or attitudes towards air pollution, indicating that air pollution is not the primary outcome of the study.  
output_json  
{ ""inclusion"": [""excluded""] }",excluded,gpt-4o-mini-2024-07-18
190,1,"This paper should be excluded because, despite using survey data, it does not demonstrate a change in travel-related behaviors or attitudes towards air pollution, indicating that air pollution is not the primary outcome of the study.

output_json  
{ ""inclusion"": [""excluded""] }",excluded,gpt-4o-mini-2024-07-18
190,2,"This paper should be excluded because, despite using survey data, it does not demonstrate a change in travel-related behaviors or attitudes towards air pollution, indicating that air pollution is not the primary outcome of the study.  
output_json  
{ ""inclusion"": [""excluded""] }",excluded,gpt-4o-mini-2024-07-18
190,3,"This paper should be excluded because, despite using survey data, it does not demonstrate a change in travel-related behaviors or attitudes towards air pollution, indicating that air pollution is not the primary outcome of the study.  
output_json  
{ ""inclusion"": [""excluded""] }",excluded,gpt-4o-mini-2024-07-18
190,4,"This paper should be excluded because, despite using survey data, it does not demonstrate a change in travel-related behaviors or attitudes towards air pollution, indicating that air pollution is not the primary outcome of the study.

output_json  
{ ""inclusion"": [""excluded""] }",excluded,gpt-4o-mini-2024-07-18
224,0,"This paper should be included in our study as it uses survey data to assess perceptions of air quality related to air pollution in the context of a traffic-reduction measure.

output_json  
{ ""inclusion"": [""included""] }",included,gpt-4o-mini-2024-07-18
224,1,"This paper should be included in our study as it uses survey data to assess perceptions of air quality related to air pollution in the context of a traffic-reduction measure.

output_json  
{ ""inclusion"": [""included""] }",included,gpt-4o-mini-2024-07-18
224,2,"This paper should be included in our study as it uses survey data to assess perceptions of air quality related to air pollution in the context of a traffic-reduction measure.

output_json  
{ ""inclusion"": [""included""] }",included,gpt-4o-mini-2024-07-18
224,3,"This paper should be included in our study as it uses survey data to assess perceptions of air quality related to air pollution in the context of a traffic-reduction measure.

output_json  
{ ""inclusion"": [""included""] }",included,gpt-4o-mini-2024-07-18
224,4,"This paper should be included in our study as it uses survey data to assess perceptions of air quality related to air pollution in the context of a traffic-reduction measure.

output_json  
{ ""inclusion"": [""included""] }",included,gpt-4o-mini-2024-07-18
226,0,"This paper should be included in our study as it utilizes survey data to examine behavioral responses to air pollution in China, focusing on individual actions and perceptions related to air quality.

output_json  
{ ""inclusion"": [""included""] }",included,gpt-4o-mini-2024-07-18
226,1,"This paper should be included in our study as it utilizes survey data to examine behavioral responses to air pollution in China, focusing on individual actions and perceptions related to air quality.

output_json  
{ ""inclusion"": [""included""] }",included,gpt-4o-mini-2024-07-18
226,2,"This paper should be included in our study as it utilizes survey data to examine behavioral responses to air pollution in China, focusing on air pollution as a primary outcome and addressing both outdoor and indoor aspects through the lens of individual protective behaviors.

output_json  
{ ""inclusion"": [""included""] }",included,gpt-4o-mini-2024-07-18
226,3,"This paper should be included in our study as it utilizes survey data to examine behavioral responses to air pollution in China, focusing on individual actions and perceptions related to air quality.

output_json  
{ ""inclusion"": [""included""] }",included,gpt-4o-mini-2024-07-18
226,4,"This paper should be included in our study as it utilizes survey data to examine behavioral responses to air pollution in China, focusing on individual actions and perceptions related to air quality.

output_json  
{ ""inclusion"": [""included""] }",included,gpt-4o-mini-2024-07-18
240,0,"This paper meets all the criteria as it uses survey data to explore public perceptions of air pollution (smog) in relation to quality of life among urban residents in Tangshan, China.

output_json  
{ ""inclusion"": [""included""] }",included,gpt-4o-mini-2024-07-18
240,1,"This paper meets all the criteria as it uses survey data to examine public perceptions of air pollution (smog) and its impact on quality of life among urban residents in China.

output_json  
{ ""inclusion"": [""included""] }",included,gpt-4o-mini-2024-07-18
240,2,"This paper meets all the criteria as it uses survey data to examine public perceptions of air pollution (smog) and its impact on quality of life among urban residents in China.

output_json  
{ ""inclusion"": [""included""] }",included,gpt-4o-mini-2024-07-18
240,3,"This paper meets all the criteria as it uses survey data to examine public perceptions of air pollution (smog) and its impact on quality of life among urban residents in China.

output_json  
{ ""inclusion"": [""included""] }",included,gpt-4o-mini-2024-07-18
240,4,"This paper meets all the criteria as it uses survey data to examine public perceptions of air pollution (smog) and its impact on quality of life among urban residents in China.

output_json  
{ ""inclusion"": [""included""] }",included,gpt-4o-mini-2024-07-18
242,0,"The paper focuses on the state of science and knowledge gaps regarding air pollution impacts on forests, but does not utilize survey data as a primary research method, thus it does not meet the inclusion criteria.  
output_json  
{ ""inclusion"": [""excluded""] }",excluded,gpt-4o-mini-2024-07-18
242,1,"This paper appears to focus on the state of science and knowledge gaps regarding air pollution impacts on forests, rather than presenting original research using survey data related to air pollution, thus it should be excluded.  
output_json  
{ ""inclusion"": [""excluded""] }",excluded,gpt-4o-mini-2024-07-18
242,2,"The paper focuses on the state of science and knowledge gaps regarding air pollution impacts on forests, but does not utilize survey data as a primary research method, thus it does not meet the inclusion criteria.  
output_json  
{ ""inclusion"": [""excluded""] }",excluded,gpt-4o-mini-2024-07-18
242,3,"This paper appears to focus on the state of science and knowledge gaps regarding air pollution impacts on forests, rather than presenting original research using survey data related to air pollution, thus it does not meet the inclusion criteria.  
output_json  
{ ""inclusion"": [""excluded""] }",excluded,gpt-4o-mini-2024-07-18
242,4,"This paper appears to focus on the state of science and knowledge gaps regarding air pollution impacts on forests, rather than presenting original research using survey data as a primary method, thus it should be excluded.  
output_json  
{ ""inclusion"": [""excluded""] }",excluded,gpt-4o-mini-2024-07-18
251,0,"This paper is a reply to an expert opinion and does not present original research using survey data related to air pollution, thus it should be excluded.  
output_json  
{ ""inclusion"": [""excluded""] }",excluded,gpt-4o-mini-2024-07-18
251,1,"This paper is a reply to an expert opinion and does not present original research using survey data related to air pollution, thus it should be excluded.  
output_json  
{ ""inclusion"": [""excluded""] }",excluded,gpt-4o-mini-2024-07-18
251,2,"This paper is a reply to an expert opinion and does not present original research using survey data related to air pollution, thus it should be excluded.  
output_json  
{ ""inclusion"": [""excluded""] }",excluded,gpt-4o-mini-2024-07-18
251,3,"This paper is a reply to an expert opinion and does not present original research using survey data related to air pollution, thus it should be excluded.  
output_json  
{ ""inclusion"": [""excluded""] }",excluded,gpt-4o-mini-2024-07-18
251,4,"This paper is a reply to an expert opinion and does not present original research using survey data related to air pollution, thus it should be excluded.  
output_json  
{ ""inclusion"": [""excluded""] }",excluded,gpt-4o-mini-2024-07-18
255,0,"This paper should be included in our study as it uses survey data to examine the relationship between online news exposure, perceived risk, and public trust in regulators regarding air pollution in China.

output_json  
{ ""inclusion"": [""included""] }",included,gpt-4o-mini-2024-07-18
255,1,"This paper should be included in our study as it uses survey data to examine the relationship between online news exposure about air pollution and public trust in regulators, focusing on air pollution as a primary outcome.

output_json  
{ ""inclusion"": [""included""]}",included,gpt-4o-mini-2024-07-18
255,2,"This paper should be included in our study as it uses survey data to examine the relationship between online news exposure, perceived risk, and public trust in regulators concerning air pollution in China, focusing on air pollution as a primary outcome.  
output_json  
{ ""inclusion"": [""included""]}",included,gpt-4o-mini-2024-07-18
255,3,"This paper should be included in our study as it uses survey data to examine the relationship between online news exposure about air pollution and public trust in regulators, focusing on air pollution as a primary outcome.

output_json  
{ ""inclusion"": [""included""] }",included,gpt-4o-mini-2024-07-18
255,4,"This paper should be included in our study as it uses survey data to examine the relationship between online news exposure, perceived risk, and public trust in regulators regarding air pollution in China.

output_json  
{ ""inclusion"": [""included""] }",included,gpt-4o-mini-2024-07-18
269,0,"This paper should be included in our study as it uses survey data to examine residents' intentions to take protective behaviors against smog, which is a form of air pollution, and focuses on related perceptions and behaviors.

output_json  
{ ""inclusion"": [""included""] }",included,gpt-4o-mini-2024-07-18
269,1,"This paper should be included in our study as it uses survey data to examine residents' intentions to take protective behaviors against smog, which is a form of air pollution, and focuses on air quality perceptions related to pollution.

output_json  
{ ""inclusion"": [""included""] }",included,gpt-4o-mini-2024-07-18
269,2,"This paper should be included in our study as it uses survey data to examine residents' intentions to take protective behaviors against smog, which is a form of air pollution, and focuses on air quality perceptions related to pollution.

output_json  
{ ""inclusion"": [""included""] }",included,gpt-4o-mini-2024-07-18
269,3,"This paper should be included in our study as it uses survey data to examine residents' intentions regarding protective behaviors against smog, which is a form of air pollution.

output_json  
{ ""inclusion"": [""included""] }",included,gpt-4o-mini-2024-07-18
269,4,"This paper should be included in our study as it uses survey data to examine residents' intentions to take protective behaviors against smog, which is a form of air pollution, and focuses on related perceptions and behaviors.

output_json  
{ ""inclusion"": [""included""] }",included,gpt-4o-mini-2024-07-18
289,0,"This paper should be included in our study as it uses survey data to explore hikers' perceptions and coping behaviors related to air pollution, focusing on air quality as a primary outcome.  
output_json  
{ ""inclusion"": [""included""]}",included,gpt-4o-mini-2024-07-18
289,1,"This paper should be included in our study as it uses survey data to explore hikers' perceptions and coping behaviors related to air pollution, focusing on air quality as a primary outcome.  
output_json  
{ ""inclusion"": [""included""] }",included,gpt-4o-mini-2024-07-18
289,2,"This paper should be included in our study as it uses survey data to explore hikers' perceptions and coping behaviors related to air pollution, focusing on air quality as a primary outcome.  
output_json  
{ ""inclusion"": [""included""] }",included,gpt-4o-mini-2024-07-18
289,3,"This paper should be included in our study as it uses survey data to explore hikers' perceptions and coping behaviors related to air pollution, focusing on air quality as a primary outcome.  
output_json  
{ ""inclusion"": [""included""]}",included,gpt-4o-mini-2024-07-18
289,4,"This paper should be included in our study as it uses survey data to explore hikers' perceptions and coping behaviors related to air pollution, focusing on air quality as a primary outcome.  
output_json  
{ ""inclusion"": [""included""] }",included,gpt-4o-mini-2024-07-18
290,0,"This paper examines perceived health risks from traffic-related air pollution using survey data, making it relevant to our study criteria.  
output_json  
{ ""inclusion"": [""included""] }",included,gpt-4o-mini-2024-07-18
290,1,"This paper examines perceived health risks associated with traffic-related air pollution using survey data, making it relevant to our study criteria.  
output_json  
{ ""inclusion"": [""included""] }",included,gpt-4o-mini-2024-07-18
290,2,"This paper should be included in our study as it uses survey data to examine perceptions of health risks related to traffic-related air pollution, aligning with the specified criteria.  
output_json  
{ ""inclusion"": [""included""] }",included,gpt-4o-mini-2024-07-18
290,3,"This paper should be included in our study as it examines perceived health risks from traffic-related air pollution using both interview and survey data, focusing on air pollution as a primary outcome.  
output_json  
{ ""inclusion"": [""included""] }",included,gpt-4o-mini-2024-07-18
290,4,"This paper should be included in our study as it examines perceived health risks related to traffic-related air pollution using both interview and survey data, aligning with the criteria specified.

output_json  
{ ""inclusion"": [""included""] }",included,gpt-4o-mini-2024-07-18
302,0,"This paper does not primarily use survey data related to air pollution or air quality, nor does it focus on air pollution as a primary outcome, thus it should be excluded from our study.  
output_json  
{ ""inclusion"": [""excluded""] }",excluded,gpt-4o-mini-2024-07-18
302,1,"This paper does not primarily use survey data related to air pollution or air quality as a research method, nor does it focus on air pollution as a primary outcome, thus it should be excluded from our study.  
output_json  
{ ""inclusion"": [""excluded""] }",excluded,gpt-4o-mini-2024-07-18
302,2,"This paper does not primarily use survey data related to air pollution or air quality as a research method, nor does it focus on air pollution as a primary outcome, thus it should be excluded from our study.  
output_json  
{ ""inclusion"": [""excluded""] }",excluded,gpt-4o-mini-2024-07-18
302,3,"This paper does not primarily use survey data related to air pollution or air quality as a research method, nor does it focus on air pollution as a primary outcome, thus it should be excluded from our study.  
output_json  
{ ""inclusion"": [""excluded""] }",excluded,gpt-4o-mini-2024-07-18
302,4,"This paper does not primarily use survey data related to air pollution or air quality, nor does it focus on air pollution as a primary outcome, thus it should be excluded from our study.  
output_json  
{ ""inclusion"": [""excluded""] }",excluded,gpt-4o-mini-2024-07-18
305,0,"This paper should be included in our study as it uses survey data to assess the willingness to pay for haze mitigation, directly linking to air pollution as a primary outcome.  
output_json  
{ ""inclusion"": [""included""] }",included,gpt-4o-mini-2024-07-18
305,1,"This paper should be included in our study as it uses survey data to assess the willingness to pay for haze mitigation, which is directly related to air pollution from forest fires.

output_json  
{ ""inclusion"": [""included""] }",included,gpt-4o-mini-2024-07-18
305,2,"This paper should be included in our study as it uses survey data to assess the willingness to pay for haze mitigation, which is directly related to air pollution from forest fires.

output_json  
{ ""inclusion"": [""included""] }",included,gpt-4o-mini-2024-07-18
305,3,"This paper should be included in our study as it uses survey data to assess the willingness to pay for haze mitigation, which is directly related to air pollution from forest fires.

output_json  
{ ""inclusion"": [""included""] }",included,gpt-4o-mini-2024-07-18
305,4,"This paper should be included in our study as it uses survey data to assess the willingness to pay for haze mitigation, directly related to air pollution from forest fires in Indonesia.

output_json  
{ ""inclusion"": [""included""] }",included,gpt-4o-mini-2024-07-18
309,0,"This paper meets all the criteria as it uses survey data to explore public perceptions of air pollution and its health impacts in Greater Kuala Lumpur, focusing on air pollution as a primary outcome. 

output_json  
{ ""inclusion"": [""included""] }",included,gpt-4o-mini-2024-07-18
309,1,"The paper meets all the criteria as it uses survey data to explore public perceptions of air pollution and its health impacts in Greater Kuala Lumpur, focusing on air pollution as a primary outcome. 

output_json  
{ ""inclusion"": [""included""] }",included,gpt-4o-mini-2024-07-18
309,2,"The paper meets all the criteria as it uses survey data to explore public perceptions of air pollution and its health impacts in Greater Kuala Lumpur, focusing on air pollution as a primary outcome. 

output_json  
{ ""inclusion"": [""included""] }",included,gpt-4o-mini-2024-07-18
309,3,"The paper meets all the criteria as it uses survey data to explore public perceptions of air pollution and its health impacts in Greater Kuala Lumpur, focusing on air pollution as a primary outcome.  
output_json  
{ ""inclusion"": [""included""] }",included,gpt-4o-mini-2024-07-18
309,4,"This paper should be included in our study as it utilizes survey data to explore public perceptions of air pollution and its health impacts, focusing on pollution aspects in Greater Kuala Lumpur.

output_json  
{ ""inclusion"": [""included""] }",included,gpt-4o-mini-2024-07-18
319,0,"This paper should be included in our study as it uses survey data to explore perceptions and behavioral intentions related to particulate matter emissions in restaurants, focusing on air pollution as a primary outcome.

output_json  
{ ""inclusion"": [""included""] }",included,gpt-4o-mini-2024-07-18
319,1,"This paper should be included in our study as it utilizes survey data to explore perceptions and behavioral intentions related to particulate matter emissions in restaurants, focusing on air pollution as a primary outcome.

output_json  
{ ""inclusion"": [""included""] }",included,gpt-4o-mini-2024-07-18
319,2,"This paper should be included in our study as it utilizes survey data to explore perceptions and behavioral intentions related to particulate matter emissions in restaurants, focusing on air pollution as a primary outcome.

output_json  
{ ""inclusion"": [""included""] }",included,gpt-4o-mini-2024-07-18
319,3,"This paper should be included in our study as it utilizes survey data to explore perceptions and behavioral intentions related to particulate matter emissions in restaurants, focusing on air pollution as a primary outcome.

output_json  
{ ""inclusion"": [""included""] }",included,gpt-4o-mini-2024-07-18
319,4,"This paper should be included in our study as it utilizes survey data to explore perceptions and behavioral intentions related to particulate matter emissions in restaurants, focusing on air pollution as a primary outcome.

output_json  
{ ""inclusion"": [""included""] }",included,gpt-4o-mini-2024-07-18
325,0,"This paper investigates protective behaviours in response to city smog, using survey data related to air pollution, thus meeting all the specified criteria for inclusion.  
output_json  
{ ""inclusion"": [""included""] }",included,gpt-4o-mini-2024-07-18
325,1,"This paper investigates protective behaviours in response to city smog using survey data, focusing on air pollution as a primary outcome, thus meeting all the inclusion criteria.  
output_json  
{ ""inclusion"": [""included""] }",included,gpt-4o-mini-2024-07-18
325,2,"This paper investigates protective behaviours in response to city smog using survey data, focusing on air pollution as a primary outcome, thus meeting all the inclusion criteria.  
output_json  
{ ""inclusion"": [""included""] }",included,gpt-4o-mini-2024-07-18
325,3,"This paper investigates protective behaviours in response to city smog using survey data, focusing on air pollution as a primary outcome, thus meeting all the inclusion criteria.  
output_json  
{ ""inclusion"": [""included""] }",included,gpt-4o-mini-2024-07-18
325,4,"This paper investigates protective behaviours in response to city smog using survey data, focusing on air pollution as a primary outcome, thus meeting all the inclusion criteria.  
output_json  
{ ""inclusion"": [""included""] }",included,gpt-4o-mini-2024-07-18
347,0,"This paper should be included in our study as it utilizes survey data to assess public perceptions of air pollution and carbon dioxide, focusing on their atmospheric residence times and implications for climate change policy.  
output_json  
{ ""inclusion"": [""included""] }",included,gpt-4o-mini-2024-07-18
347,1,"This paper should be included in our study as it utilizes survey data to assess public perceptions of air pollution and carbon dioxide, focusing on their atmospheric residence times and implications for climate change policy.  
output_json  
{ ""inclusion"": [""included""] }",included,gpt-4o-mini-2024-07-18
347,2,"The paper should be included in our study as it utilizes survey data to assess public perceptions of air pollution and carbon dioxide, focusing on their atmospheric residence times and implications for climate change policy.  
output_json  
{ ""inclusion"": [""included""] }",included,gpt-4o-mini-2024-07-18
347,3,"This paper should be included in our study as it utilizes survey data to assess public perceptions of air pollution and carbon dioxide, focusing on their atmospheric residence times and implications for climate change policy.  
output_json  
{ ""inclusion"": [""included""] }",included,gpt-4o-mini-2024-07-18
347,4,"This paper should be included in our study as it uses survey data to assess public perceptions of air pollution and carbon dioxide, focusing on their atmospheric residence times and implications for climate change policy.  
output_json  
{ ""inclusion"": [""included""] }",included,gpt-4o-mini-2024-07-18
356,0,"This paper should be excluded because it does not utilize survey data as a primary research method, focusing instead on qualitative methods and formative research to develop behavioral strategies for promoting LPG use.  
output_json  
{ ""inclusion"": [""excluded""] }",excluded,gpt-4o-mini-2024-07-18
356,1,"This paper should be excluded because it does not utilize survey data as a primary research method, focusing instead on qualitative methods and formative research to develop behavioral strategies for promoting LPG use.  
output_json  
{ ""inclusion"": [""excluded""] }",excluded,gpt-4o-mini-2024-07-18
356,2,"This paper should be excluded because it does not utilize survey data as a primary research method, focusing instead on qualitative formative research to develop behavioral strategies for promoting LPG use.  
output_json  
{ ""inclusion"": [""excluded""] }",excluded,gpt-4o-mini-2024-07-18
356,3,"This paper should be excluded because it does not utilize survey data as a primary research method, focusing instead on qualitative methods and formative research to inform behavior change strategies related to LPG use.

output_json  
{ ""inclusion"": [""excluded""] }",excluded,gpt-4o-mini-2024-07-18
356,4,"This paper should be excluded because it does not utilize survey data as a primary research method, focusing instead on qualitative methods and formative research to develop behavioral strategies.  
output_json  
{ ""inclusion"": [""excluded""] }",excluded,gpt-4o-mini-2024-07-18
369,0,"This paper should be excluded because it focuses on pro-environmental behavior rather than directly measuring air pollution or air quality as a primary outcome or explanatory variable.  
output_json  
{ ""inclusion"": [""excluded""] }",excluded,gpt-4o-mini-2024-07-18
369,1,"This paper should be excluded because it focuses on pro-environmental behavior rather than directly measuring air pollution or air quality as a primary outcome or explanatory variable.  
output_json  
{ ""inclusion"": [""excluded""] }",excluded,gpt-4o-mini-2024-07-18
369,2,"This paper should be excluded because it focuses on pro-environmental behavior rather than directly addressing air pollution as a primary outcome or explanatory variable.  
output_json  
{ ""inclusion"": [""excluded""] }",excluded,gpt-4o-mini-2024-07-18
369,3,"The paper should be excluded because it focuses on pro-environmental behavior rather than directly measuring air pollution or air quality as a primary outcome or explanatory variable.  
output_json  
{ ""inclusion"": [""excluded""] }",excluded,gpt-4o-mini-2024-07-18
369,4,"This paper should be excluded because it does not focus on air pollution as a primary outcome or explanatory variable, but rather discusses pro-environmental behavior in a broader context without specific emphasis on air pollution itself.  
output_json  
{ ""inclusion"": [""excluded""] }",excluded,gpt-4o-mini-2024-07-18
379,0,"The paper discusses perceptions of air quality and the thermal environment in office settings, focusing on health impacts and subjective evaluations, which aligns with the criteria for inclusion related to air quality perceptions and survey data. 

output_json  
{ ""inclusion"": [""included""] }",included,gpt-4o-mini-2024-07-18
379,1,"The paper discusses perceptions of air quality and the thermal environment in office settings, focusing on health impacts and subjective evaluations, which aligns with the criteria for inclusion related to air quality perceptions and survey data. 

output_json  
{ ""inclusion"": [""included""] }",included,gpt-4o-mini-2024-07-18
379,2,"The paper discusses perceptions of air quality and the thermal environment in office settings, focusing on health impacts and subjective evaluations, which aligns with the criteria for inclusion regarding air quality perceptions related to health and indoor environments.

output_json  
{ ""inclusion"": [""included""] }",included,gpt-4o-mini-2024-07-18
379,3,"The paper discusses perceptions of air quality and the thermal environment in office settings, focusing on health impacts and subjective evaluations, which aligns with the criteria for inclusion related to air quality perceptions and survey data.

output_json  
{ ""inclusion"": [""included""] }",included,gpt-4o-mini-2024-07-18
379,4,"The paper discusses perceptions of air quality and the thermal environment in office settings, focusing on health impacts and subjective evaluations, which aligns with the criteria related to air quality perceptions and survey data, thus it should be included.  
output_json  
{ ""inclusion"": [""included""] }",included,gpt-4o-mini-2024-07-18
409,0,"This paper investigates the associations between traffic-related air pollution and behavioral problems in schoolchildren, using survey data from parents and teachers, thus meeting all the inclusion criteria.

output_json  
{ ""inclusion"": [""included""]}",included,gpt-4o-mini-2024-07-18
409,1,"This paper investigates the associations between traffic-related air pollution and behavioral problems in schoolchildren using survey data, thus meeting all the inclusion criteria. 

output_json  
{ ""inclusion"": [""included""] }",included,gpt-4o-mini-2024-07-18
409,2,"This paper investigates the associations between traffic-related air pollution and behavioral problems in schoolchildren, using survey data from parents and teachers, thus meeting all the inclusion criteria.

output_json  
{ ""inclusion"": [""included""] }",included,gpt-4o-mini-2024-07-18
409,3,"This paper investigates the associations between traffic-related air pollution and behavioral problems in schoolchildren, using survey data from parents and teachers, thus meeting all the inclusion criteria.  
output_json  
{ ""inclusion"": [""included""] }",included,gpt-4o-mini-2024-07-18
409,4,"This paper investigates the associations between traffic-related air pollution and behavioral problems in schoolchildren, using survey data from parents and teachers, thus meeting all the inclusion criteria.

output_json  
{ ""inclusion"": [""included""]}",included,gpt-4o-mini-2024-07-18
414,0,"This paper should be included in our study as it investigates associations between parents' perceived air quality in homes and children's allergic diseases using survey data, focusing on indoor air pollution and its health impacts.  
output_json  
{ ""inclusion"": [""included""] }",included,gpt-4o-mini-2024-07-18
414,1,"This paper investigates associations between parents' perceived air quality in homes and children's allergic diseases, using survey data, and focuses on perceptions related to indoor air pollution, thus meeting all the inclusion criteria.  
output_json  
{ ""inclusion"": [""included""] }",included,gpt-4o-mini-2024-07-18
414,2,"This paper should be included in our study as it investigates associations between parents' perceived air quality in homes and children's allergic diseases using survey data, focusing on indoor air pollution and its health impacts.  
output_json  
{ ""inclusion"": [""included""] }",included,gpt-4o-mini-2024-07-18
414,3,"This paper investigates associations between parents' perceived air quality in homes and children's allergic diseases, using survey data, and focuses on perceptions related to indoor air pollution, thus meeting all the inclusion criteria.  
output_json  
{ ""inclusion"": [""included""] }",included,gpt-4o-mini-2024-07-18
414,4,"This paper should be included in our study as it investigates associations between parents' perceived air quality in homes and children's allergic diseases, using survey data related to indoor air quality and pollution perceptions.  
output_json  
{ ""inclusion"": [""included""] }",included,gpt-4o-mini-2024-07-18
443,0,"This paper should be included as it utilizes survey data to assess policymakers' awareness of air pollution in Jordan, focusing on air pollution as a primary outcome.  
output_json  
{ ""inclusion"": [""included""] }",included,gpt-4o-mini-2024-07-18
443,1,"This paper should be included as it utilizes survey data to assess policymakers' awareness of air pollution, focusing on its implications for public health and policy-making in Jordan.

output_json  
{ ""inclusion"": [""included""] }",included,gpt-4o-mini-2024-07-18
443,2,"This paper should be included in our study as it uses survey data to assess policymakers' awareness and perceptions of air pollution, which is a relevant focus on the topic.  
output_json  
{ ""inclusion"": [""included""] }",included,gpt-4o-mini-2024-07-18
443,3,"This paper should be included as it utilizes survey data to assess policymakers' awareness of air pollution in Jordan, focusing on air pollution as a primary outcome.  
output_json  
{ ""inclusion"": [""included""] }",included,gpt-4o-mini-2024-07-18
443,4,"This paper should be included as it uses survey data to assess policymakers' awareness of air pollution in Jordan, focusing on air pollution as a primary outcome.  
output_json  
{ ""inclusion"": [""included""] }",included,gpt-4o-mini-2024-07-18
453,0,"This paper should be excluded because, while it discusses behavioral change and leadership skills among fieldworkers in relation to household air pollution, it does not primarily use survey data as a research method, focusing instead on qualitative methods. 

output_json  
{ ""inclusion"": [""excluded""] }",excluded,gpt-4o-mini-2024-07-18
453,1,"This paper should be excluded because, while it discusses behavioral change and leadership skills among fieldworkers in relation to household air pollution, it does not primarily use survey data as a research method. 

output_json  
{ ""inclusion"": [""excluded""] }",excluded,gpt-4o-mini-2024-07-18
453,2,"This paper should be excluded because, while it discusses behavioral change and leadership skills among fieldworkers in relation to household air pollution, it does not primarily focus on air pollution as a dependent or explanatory variable through survey data. 

output_json  
{ ""inclusion"": [""excluded""] }",excluded,gpt-4o-mini-2024-07-18
453,3,"This paper should be excluded because, while it discusses behavioral change and leadership skills among fieldworkers in relation to household air pollution, it does not primarily use survey data as a research method, focusing instead on qualitative methods.  
output_json  
{ ""inclusion"": [""excluded""] }",excluded,gpt-4o-mini-2024-07-18
453,4,"The paper should be excluded because, while it discusses behavioral change and leadership skills among fieldworkers in relation to household air pollution, it does not primarily focus on air pollution as a dependent or explanatory variable through survey data. 

output_json  
{ ""inclusion"": [""excluded""] }",excluded,gpt-4o-mini-2024-07-18
500,0,"This paper meets all the criteria as it uses survey data to investigate risk perception related to air pollution and climate change among residents in three metropolitan areas, focusing on air quality perceptions and their implications.

output_json  
{ ""inclusion"": [""included""]}",included,gpt-4o-mini-2024-07-18
500,1,"This paper meets all the criteria as it uses survey data to investigate risk perception related to air pollution and climate change among residents in three metropolitan areas, focusing on air quality perceptions and their implications. 

output_json  
{ ""inclusion"": [""included""]}",included,gpt-4o-mini-2024-07-18
500,2,"This paper meets all the criteria as it uses survey data to investigate risk perception related to air pollution and climate change among residents in three metropolitan areas, focusing on air pollution as a primary outcome. 

output_json  
{ ""inclusion"": [""included""] }",included,gpt-4o-mini-2024-07-18
500,3,"This paper meets all the criteria as it uses survey data to investigate risk perception related to air pollution and climate change, focusing on outdoor air pollution in three metropolitan areas of the Mexico Megalopolis. 

output_json  
{ ""inclusion"": [""included""]}",included,gpt-4o-mini-2024-07-18
500,4,"This paper meets all the criteria as it uses survey data to investigate risk perception related to air pollution and climate change among residents in three metropolitan areas, focusing on air quality perceptions and their associations with pollution sources.

output_json  
{ ""inclusion"": [""included""]}",included,gpt-4o-mini-2024-07-18
508,0,"This paper should be included in our study as it uses survey data to investigate how window design impacts indoor air quality and occupant behavior related to natural ventilation, which aligns with our focus on air quality and pollution aspects.

output_json  
{ ""inclusion"": [""included""] }",included,gpt-4o-mini-2024-07-18
508,1,"This paper should be included in our study as it uses survey data to investigate how window design impacts occupants' behavior related to natural ventilation and indoor air quality, focusing on factors that affect air quality perceptions and comfort.

output_json  
{ ""inclusion"": [""included""] }",included,gpt-4o-mini-2024-07-18
508,2,"This paper should be included in our study as it uses survey data to investigate how window design impacts occupants' behavior related to natural ventilation and indoor air quality, focusing on factors that affect air quality perceptions and comfort.

output_json  
{ ""inclusion"": [""included""] }",included,gpt-4o-mini-2024-07-18
508,3,"This paper should be included in our study as it uses survey data to investigate the relationship between window design, occupant behavior, and indoor air quality, focusing on aspects related to air pollution and perceptions of air quality.

output_json  
{ ""inclusion"": [""included""] }",included,gpt-4o-mini-2024-07-18
508,4,"This paper should be included in our study as it uses survey data to investigate occupant behavior related to indoor air quality and natural ventilation, focusing on factors that affect perceptions of air quality and comfort, which are linked to air pollution.

output_json  
{ ""inclusion"": [""included""] }",included,gpt-4o-mini-2024-07-18
518,0,"This paper should be included in our study as it uses survey data to explore parents' perceptions of air quality, which is directly related to air pollution and its impacts. 

output_json  
{ ""inclusion"": [""included""] }",included,gpt-4o-mini-2024-07-18
518,1,"This paper should be included in our study as it uses survey data to explore parents' perceptions of air quality, which is directly related to air pollution and its impacts.

output_json  
{ ""inclusion"": [""included""] }",included,gpt-4o-mini-2024-07-18
518,2,"This paper should be included in our study as it uses survey data to explore parents' perceptions of air quality, which is directly related to air pollution and its impacts. 

output_json  
{ ""inclusion"": [""included""] }",included,gpt-4o-mini-2024-07-18
518,3,"This paper should be included in our study as it uses survey data to explore parents' perceptions of air quality, which is directly related to air pollution and its impacts.

output_json  
{ ""inclusion"": [""included""] }",included,gpt-4o-mini-2024-07-18
518,4,"This paper should be included in our study as it uses survey data to explore parents' perceptions of air quality, which is directly related to air pollution and its effects on public acceptance of environmental policies.

output_json  
{ ""inclusion"": [""included""] }",included,gpt-4o-mini-2024-07-18
527,0,"This paper meets all the criteria as it uses survey data to explore risk reduction behaviors related to PM2.5 exposure, focusing on air pollution as a primary outcome among outdoor exercisers.  
output_json  
{ ""inclusion"": [""included""] }",included,gpt-4o-mini-2024-07-18
527,1,"This paper meets all the criteria as it uses survey data to explore risk reduction behaviors related to PM2.5 exposure among outdoor exercisers, focusing on air pollution as a primary outcome.  
output_json  
{ ""inclusion"": [""included""] }",included,gpt-4o-mini-2024-07-18
527,2,"This paper meets all the criteria as it uses survey data to explore risk reduction behaviors related to PM2.5 exposure among outdoor exercisers, focusing on air pollution as a primary outcome.  
output_json  
{ ""inclusion"": [""included""]}",included,gpt-4o-mini-2024-07-18
527,3,"This paper meets all the criteria as it uses survey data to explore risk reduction behaviors related to PM2.5 exposure among outdoor exercisers, focusing on air pollution as a primary outcome.  
output_json  
{ ""inclusion"": [""included""] }",included,gpt-4o-mini-2024-07-18
527,4,"This paper meets all the criteria as it uses survey data to explore risk reduction behaviors related to PM2.5 exposure among outdoor exercisers, focusing on air pollution as a primary outcome.  
output_json  
{ ""inclusion"": [""included""]}",included,gpt-4o-mini-2024-07-18
528,0,"This paper should be included as it uses survey data to investigate protective behavioral intentions against PM2.5, focusing on air pollution as a primary outcome among parents of young children in urban and rural Beijing.

output_json  
{ ""inclusion"": [""included""]}",included,gpt-4o-mini-2024-07-18
528,1,"This paper should be included in our study as it utilizes survey data to investigate protective behavioral intentions against PM2.5, focusing on air pollution as a primary outcome among parents of young children in urban and rural Beijing.

output_json  
{ ""inclusion"": [""included""]}",included,gpt-4o-mini-2024-07-18
528,2,"This paper should be included in our study as it utilizes survey data to investigate protective behavioral intentions against PM2.5, focusing on air pollution as a primary outcome among parents of young children in urban and rural Beijing.

output_json  
{ ""inclusion"": [""included""]}",included,gpt-4o-mini-2024-07-18
528,3,"This paper should be included in our study as it utilizes survey data to investigate protective behavioral intentions against PM2.5, focusing on air pollution as a primary outcome among parents of young children in urban and rural Beijing.

output_json  
{ ""inclusion"": [""included""]}",included,gpt-4o-mini-2024-07-18
528,4,"This paper should be included in our study as it uses survey data to investigate protective behavioral intentions against PM2.5, focusing on air pollution as a primary outcome among parents of young children in urban and rural Beijing.

output_json  
{ ""inclusion"": [""included""]}",included,gpt-4o-mini-2024-07-18
531,0,"The paper does not use survey data as a primary research method, focusing instead on social media comments, so it should be excluded from our study.  
output_json  
{ ""inclusion"": [""excluded""] }",excluded,gpt-4o-mini-2024-07-18
531,1,"This paper does not use survey data as a primary research method, focusing instead on social media comments, and therefore should be excluded from our study.  
output_json  
{ ""inclusion"": [""excluded""] }",excluded,gpt-4o-mini-2024-07-18
531,2,"The paper does not use survey data as a primary research method, focusing instead on social media comments, thus it should be excluded from our study.  
output_json  
{ ""inclusion"": [""excluded""] }",excluded,gpt-4o-mini-2024-07-18
531,3,"The paper does not use survey data as a primary research method but instead analyzes comments from a social media platform, thus it should be excluded.  
output_json  
{ ""inclusion"": [""excluded""] }",excluded,gpt-4o-mini-2024-07-18
531,4,"This paper does not use survey data as a primary research method, focusing instead on social media comments, and therefore does not meet the inclusion criteria.  
output_json  
{ ""inclusion"": [""excluded""] }",excluded,gpt-4o-mini-2024-07-18
547,0,"This paper should be included in our study as it develops and validates scales related to haze risk perception among college students, utilizing survey data to explore perceptions of air pollution.

output_json  
{ ""inclusion"": [""included""] }",included,gpt-4o-mini-2024-07-18
547,1,"This paper should be included in our study as it develops and validates scales related to haze risk perception among college students, utilizing survey data to explore perceptions and influencing factors associated with air pollution.

output_json  
{ ""inclusion"": [""included""] }",included,gpt-4o-mini-2024-07-18
547,2,"This paper should be included in our study as it uses survey data to examine haze risk perception and influencing factors related to air pollution among college students in Beijing.

output_json  
{ ""inclusion"": [""included""] }",included,gpt-4o-mini-2024-07-18
547,3,"This paper should be included in our study as it develops and validates scales related to haze risk perception among college students, using survey data to explore perceptions and influencing factors associated with air pollution.

output_json  
{ ""inclusion"": [""included""] }",included,gpt-4o-mini-2024-07-18
547,4,"This paper should be included in our study as it uses survey data to assess haze risk perception and influencing factors related to air pollution among college students in Beijing.

output_json  
{ ""inclusion"": [""included""] }",included,gpt-4o-mini-2024-07-18
580,0,"This paper meets all the criteria as it uses survey data to examine perceptions of risks related to outdoor air pollution from wood combustion and traffic, making it relevant for inclusion in our study.  
output_json  
{ ""inclusion"": [""included""]}",included,gpt-4o-mini-2024-07-18
580,1,"This paper meets all the criteria as it uses survey data to explore perceptions of risks related to outdoor air pollution from wood combustion and traffic, making it relevant for inclusion in our study.  
output_json  
{ ""inclusion"": [""included""] }",included,gpt-4o-mini-2024-07-18
580,2,"This paper meets all the criteria as it uses survey data to explore perceptions of risks related to outdoor air pollution from wood combustion and traffic, making it relevant for inclusion in our study.  
output_json  
{ ""inclusion"": [""included""] }",included,gpt-4o-mini-2024-07-18
580,3,"This paper meets all the criteria as it uses survey data to examine perceptions of risks from air pollution related to wood combustion and traffic, focusing on outdoor air pollution in Northern Europe.  
output_json  
{ ""inclusion"": [""included""] }",included,gpt-4o-mini-2024-07-18
580,4,"This paper meets all the criteria as it uses survey data to examine perceptions of risks related to air pollution from wood combustion and traffic, focusing on outdoor air pollution in Northern Europe. 

output_json  
{ ""inclusion"": [""included""] }",included,gpt-4o-mini-2024-07-18
587,0,"This paper should be included in our study as it utilizes survey data to assess public perception and behaviors related to air pollution in Serbia, focusing on the multidimensional drivers of these perceptions.

output_json  
{ ""inclusion"": [""included""] }",included,gpt-4o-mini-2024-07-18
587,1,"This paper should be included in our study as it utilizes survey data to assess public perception and behaviors related to air pollution in Serbia, focusing on the multidimensional drivers of these perceptions.

output_json  
{ ""inclusion"": [""included""] }",included,gpt-4o-mini-2024-07-18
587,2,"This paper should be included in our study as it utilizes survey data to assess public perception and behaviors related to air pollution in Serbia, focusing on the multidimensional drivers of these perceptions.

output_json  
{ ""inclusion"": [""included""] }",included,gpt-4o-mini-2024-07-18
587,3,"This paper should be included in our study as it uses survey data to assess public perception and behaviors related to air pollution in Serbia, focusing on the multidimensional drivers of these perceptions.

output_json  
{ ""inclusion"": [""included""] }",included,gpt-4o-mini-2024-07-18
587,4,"This paper should be included in our study as it uses survey data to assess public perception and behaviors related to air pollution in Serbia, focusing on the multidimensional drivers of these perceptions.

output_json  
{ ""inclusion"": [""included""] }",included,gpt-4o-mini-2024-07-18
594,0,"This paper should be included in our study as it utilizes survey data to examine the relationship between air pollution perception and residents' health, focusing on both subjective and objective measures of air quality.

output_json  
{ ""inclusion"": [""included""] }",included,gpt-4o-mini-2024-07-18
594,1,"This paper should be included in our study as it uses survey data to explore the relationship between air pollution perception and residents' health, focusing on both subjective and objective measures of air quality.

output_json  
{ ""inclusion"": [""included""] }",included,gpt-4o-mini-2024-07-18
594,2,"This paper should be included in our study as it uses survey data to explore the relationship between air pollution perception and residents' health, focusing on both subjective and objective measures of air quality.

output_json  
{ ""inclusion"": [""included""] }",included,gpt-4o-mini-2024-07-18
594,3,"This paper should be included in our study as it uses survey data to explore the relationship between air pollution perception and residents' health, focusing on both subjective and objective measures of air quality.

output_json  
{ ""inclusion"": [""included""] }",included,gpt-4o-mini-2024-07-18
594,4,"This paper should be included in our study as it uses survey data to explore the relationship between air pollution perception and residents' health, focusing on both subjective and objective measures of air quality.

output_json  
{ ""inclusion"": [""included""] }",included,gpt-4o-mini-2024-07-18
601,0,"The paper should be included as it utilizes survey data to assess the population's perception of air pollution in Beirut, focusing on air quality and its associated risks.  
output_json  
{ ""inclusion"": [""included""] }",included,gpt-4o-mini-2024-07-18
601,1,"The paper meets all the criteria as it uses survey data to study the population's perception of air pollution in Beirut, focusing on air quality and its primary sources, thus it should be included in the study.  
output_json  
{ ""inclusion"": [""included""]}",included,gpt-4o-mini-2024-07-18
601,2,"The paper meets all the criteria as it uses survey data to study the population's perception of air pollution in Beirut, focusing on air quality and its primary sources, thus it should be included in the study.  
output_json  
{ ""inclusion"": [""included""]}",included,gpt-4o-mini-2024-07-18
601,3,"The paper should be included as it utilizes survey data to assess the population's perception of air pollution in Beirut, focusing on air quality and its associated risks.  
output_json  
{ ""inclusion"": [""included""] }",included,gpt-4o-mini-2024-07-18
601,4,"This paper should be included in our study as it uses survey data to assess the population's perception of air pollution in Beirut, focusing on pollution aspects and their associated risks.

output_json  
{ ""inclusion"": [""included""] }",included,gpt-4o-mini-2024-07-18
603,0,"The paper meets all the criteria as it uses survey data related to indoor air quality, focuses on air pollution as a primary outcome, and examines indoor air quality in a newly decorated office setting. 

output_json  
{ ""inclusion"": [""included""] }",included,gpt-4o-mini-2024-07-18
603,1,"The paper meets all the criteria as it uses survey data related to indoor air quality, focuses on air pollution as a primary outcome, and examines indoor air quality, thus it should be included in the study.  
output_json  
{ ""inclusion"": [""included""]}",included,gpt-4o-mini-2024-07-18
603,2,"The paper meets all the criteria as it uses survey data related to indoor air quality, focuses on air pollution as a primary outcome, and examines indoor air quality, thus it should be included in the study.  
output_json  
{ ""inclusion"": [""included""]}",included,gpt-4o-mini-2024-07-18
603,3,"The paper meets all the criteria as it uses survey data related to indoor air quality, focuses on air pollution as a primary outcome, and examines indoor air quality in a newly decorated office setting. 

output_json  
{ ""inclusion"": [""included""] }",included,gpt-4o-mini-2024-07-18
603,4,"The paper meets all the criteria as it uses survey data related to indoor air quality, focuses on air pollution as a primary outcome, and examines indoor air quality, thus it should be included in the study.  
output_json  
{ ""inclusion"": [""included""] }",included,gpt-4o-mini-2024-07-18
609,0,"This paper should be included in our study as it investigates the determinants of indoor air pollution and its perceived health impacts using survey data from a community-based cross-sectional study.

output_json  
{ ""inclusion"": [""included""] }",included,gpt-4o-mini-2024-07-18
609,1,"This paper should be included in our study as it investigates determinants of indoor air pollution using survey data and focuses on health impacts related to air quality perceptions.  
output_json  
{ ""inclusion"": [""included""] }",included,gpt-4o-mini-2024-07-18
609,2,"This paper meets all the criteria as it is a research study using survey data to investigate determinants of indoor air pollution and its perceived health impacts among residents, focusing on air pollution as a primary outcome.

output_json  
{ ""inclusion"": [""included""] }",included,gpt-4o-mini-2024-07-18
609,3,"This paper meets all the criteria as it is a research study using survey data to investigate the determinants of indoor air pollution and its perceived health impacts among residents, focusing on air pollution as a primary outcome.

output_json  
{ ""inclusion"": [""included""] }",included,gpt-4o-mini-2024-07-18
609,4,"This paper meets all the criteria as it is a research study using survey data to investigate determinants of indoor air pollution and its perceived health impacts, focusing on air pollution as a primary outcome.  
output_json  
{ ""inclusion"": [""included""]}",included,gpt-4o-mini-2024-07-18
610,0,"This paper meets all the criteria as it uses survey data to explore parents' propensity to migrate and willingness to pay related to outdoor air pollution, focusing on air quality perceptions and factors influencing these behaviors.

output_json  
{ ""inclusion"": [""included""] }",included,gpt-4o-mini-2024-07-18
610,1,"This paper meets all the criteria as it uses survey data to explore parents' propensity to migrate and willingness to pay related to outdoor air pollution in Wuhan, China, focusing on air pollution as a primary outcome.

output_json  
{ ""inclusion"": [""included""] }",included,gpt-4o-mini-2024-07-18
610,2,"This paper meets all the criteria as it uses survey data to examine parents' propensity to migrate and willingness to pay related to outdoor air pollution in Wuhan, China, focusing on air pollution as a primary outcome.

output_json  
{ ""inclusion"": [""included""] }",included,gpt-4o-mini-2024-07-18
610,3,"This paper meets all the criteria as it uses survey data to explore parents' propensity to migrate and willingness to pay related to outdoor air pollution in Wuhan, China.

output_json  
{ ""inclusion"": [""included""] }",included,gpt-4o-mini-2024-07-18
610,4,"This paper meets all the criteria as it uses survey data to explore parents' propensity to migrate and willingness to pay related to outdoor air pollution in Wuhan, China, focusing on air pollution as a primary outcome.

output_json  
{ ""inclusion"": [""included""] }",included,gpt-4o-mini-2024-07-18
613,0,"This paper investigates protective behaviours during haze episodes in Singapore using survey data, focusing on air pollution as a primary outcome, thus meeting all the inclusion criteria.  
output_json  
{ ""inclusion"": [""included""] }",included,gpt-4o-mini-2024-07-18
613,1,"This paper investigates protective behaviours during haze episodes in Singapore using survey data, focusing on air pollution as a primary outcome, thus meeting all the inclusion criteria.  
output_json  
{ ""inclusion"": [""included""] }",included,gpt-4o-mini-2024-07-18
613,2,"This paper investigates protective behaviours during haze episodes in Singapore using survey data, focusing on air pollution as a primary outcome, thus meeting all the inclusion criteria.  
output_json  
{ ""inclusion"": [""included""] }",included,gpt-4o-mini-2024-07-18
613,3,"This paper investigates protective behaviours during haze episodes in Singapore, using survey data related to air pollution as a primary research method, thus meeting all the inclusion criteria. 

output_json  
{ ""inclusion"": [""included""] }",included,gpt-4o-mini-2024-07-18
613,4,"This paper investigates protective behaviours during haze episodes in Singapore, using survey data to explore the relationship between knowledge, perceived risk, and air pollution, thus meeting all inclusion criteria.

output_json  
{ ""inclusion"": [""included""] }",included,gpt-4o-mini-2024-07-18
636,0,"The paper meets all the criteria as it uses survey data to assess auto-rickshaw drivers' knowledge about air pollution and its health effects, focusing on air pollution as a primary outcome. 

output_json  
{ ""inclusion"": [""included""] }",included,gpt-4o-mini-2024-07-18
636,1,"The paper meets all the criteria as it uses survey data to assess auto-rickshaw drivers' knowledge about air pollution and its health effects, focusing on air pollution as a primary outcome. 

output_json  
{ ""inclusion"": [""included""] }",included,gpt-4o-mini-2024-07-18
636,2,"The paper meets all the criteria as it uses survey data to assess auto-rickshaw drivers' knowledge about air pollution and its health effects, focusing on air pollution as a primary outcome. 

output_json  
{ ""inclusion"": [""included""] }",included,gpt-4o-mini-2024-07-18
636,3,"The paper meets all the criteria as it uses survey data to assess auto-rickshaw drivers' knowledge about air pollution and its health effects, focusing on air pollution as a primary outcome. 

output_json  
{ ""inclusion"": [""included""] }",included,gpt-4o-mini-2024-07-18
636,4,"The paper meets all the criteria as it uses survey data to assess auto-rickshaw drivers' knowledge about air pollution and its health effects, focusing on air pollution as a primary outcome. 

output_json  
{ ""inclusion"": [""included""] }",included,gpt-4o-mini-2024-07-18
651,0,"The paper should be excluded because, while it uses survey data to assess awareness of air pollution risk factors, it does not focus on air pollution as a primary outcome or explanatory variable. 

output_json  
{ ""inclusion"": [""excluded""] }",excluded,gpt-4o-mini-2024-07-18
651,1,"The paper should be excluded because, while it uses survey data, it does not sufficiently detail the specific risk factors of air pollution as a primary outcome or explanatory variable, focusing instead on general awareness.  
output_json  
{ ""inclusion"": [""excluded""] }",excluded,gpt-4o-mini-2024-07-18
651,2,"This paper should be excluded because, while it uses survey data, it does not sufficiently detail the specific risk factors of air pollution as a primary outcome or explanatory variable, focusing instead on general awareness.  
output_json  
{ ""inclusion"": [""excluded""] }",excluded,gpt-4o-mini-2024-07-18
651,3,"The paper should be excluded because, while it uses survey data to assess awareness of air pollution risk factors, it does not focus on air pollution as a primary outcome or explanatory variable. 

output_json  
{ ""inclusion"": [""excluded""] }",excluded,gpt-4o-mini-2024-07-18
651,4,"The paper should be excluded because, while it uses survey data, it does not sufficiently detail the specific risk factors of air pollution as a primary outcome or explanatory variable, focusing instead on general awareness.  
output_json  
{ ""inclusion"": [""excluded""] }",excluded,gpt-4o-mini-2024-07-18
659,0,"This paper should be included in our study as it utilizes survey data to explore residents' perceptions and concerns regarding air pollution in the South Durban Basin, focusing on its impacts on health and community conflicts.

output_json  
{ ""inclusion"": [""included""] }",included,gpt-4o-mini-2024-07-18
659,1,"This paper should be included in our study as it utilizes survey data to explore residents' perceptions and concerns regarding air pollution in the South Durban Basin, focusing on its impacts on health and community conflicts.

output_json  
{ ""inclusion"": [""included""] }",included,gpt-4o-mini-2024-07-18
659,2,"This paper should be included in our study as it utilizes survey data to explore residents' perceptions and concerns regarding air pollution in the South Durban Basin, focusing on the impacts of industrial activities.

output_json  
{ ""inclusion"": [""included""] }",included,gpt-4o-mini-2024-07-18
659,3,"This paper should be included in our study as it utilizes survey data to explore residents' perceptions and concerns regarding air pollution in the South Durban Basin, focusing on its impacts on health and community conflicts.

output_json  
{ ""inclusion"": [""included""] }",included,gpt-4o-mini-2024-07-18
659,4,"This paper should be included in our study as it utilizes survey data to explore residents' perceptions and concerns regarding air pollution in the South Durban Basin, focusing on its impacts on health and community conflicts.

output_json  
{ ""inclusion"": [""included""] }",included,gpt-4o-mini-2024-07-18
673,0,"The paper meets all the criteria as it uses survey data to assess local perceptions of indoor air pollution related to biomass fuel use, focusing on air quality and health outcomes in a rural community. 

output_json  
{ ""inclusion"": [""included""]}",included,gpt-4o-mini-2024-07-18
673,1,"The paper should be included as it utilizes survey data to explore local perceptions of indoor air pollution related to biomass fuel use, which aligns with the study's criteria on air pollution as a primary focus.  
output_json  
{ ""inclusion"": [""included""] }",included,gpt-4o-mini-2024-07-18
673,2,"The paper should be included in our study as it utilizes survey data to explore local perceptions of indoor air pollution related to biomass fuel use, which aligns with our criteria.

output_json  
{ ""inclusion"": [""included""] }",included,gpt-4o-mini-2024-07-18
673,3,"The paper meets all the criteria as it uses survey data to explore perceptions of indoor air pollution related to biomass fuel use in a rural community, focusing on air quality and pollution aspects. 

output_json  
{ ""inclusion"": [""included""] }",included,gpt-4o-mini-2024-07-18
673,4,"The paper should be included in our study as it uses survey data to examine local perceptions of indoor air pollution related to biomass fuel use in rural communities, focusing on pollution aspects and health outcomes.

output_json  
{ ""inclusion"": [""included""] }",included,gpt-4o-mini-2024-07-18
675,0,"The paper meets all the criteria as it uses survey data to assess local perceptions of indoor air pollution related to biomass fuel use, focusing on pollution aspects and including relevant demographic information. 

output_json  
{ ""inclusion"": [""included""] }",included,gpt-4o-mini-2024-07-18
675,1,"The paper meets all the criteria as it uses survey data to explore local perceptions of indoor air pollution related to biomass fuel use, focusing on pollution aspects and including relevant demographic information. 

output_json  
{ ""inclusion"": [""included""] }",included,gpt-4o-mini-2024-07-18
675,2,"The paper meets all the criteria as it uses survey data to assess local perceptions of indoor air pollution related to biomass fuel use, focusing on pollution aspects in a rural community. 

output_json  
{ ""inclusion"": [""included""] }",included,gpt-4o-mini-2024-07-18
675,3,"The paper meets all the criteria as it uses survey data to assess local perceptions of indoor air pollution related to biomass fuel use, focusing on pollution aspects and including relevant demographic information. 

output_json  
{ ""inclusion"": [""included""] }",included,gpt-4o-mini-2024-07-18
675,4,"The paper meets all the criteria as it uses survey data to assess local perceptions of indoor air pollution related to biomass fuel use, focusing on pollution aspects and including relevant demographic information. 

output_json  
{ ""inclusion"": [""included""] }",included,gpt-4o-mini-2024-07-18
702,0,"This paper investigates the perception of health in relation to air quality and includes survey data, making it relevant to our study criteria. 

output_json  
{ ""inclusion"": [""included""] }",included,gpt-4o-mini-2024-07-18
702,1,"The paper investigates the perception of health in relation to air quality and includes survey data, making it relevant to our study criteria. 

output_json  
{ ""inclusion"": [""included""] }",included,gpt-4o-mini-2024-07-18
702,2,"The paper investigates the perception of health in relation to air quality and includes survey data, making it relevant to our study criteria. 

output_json  
{ ""inclusion"": [""included""] }",included,gpt-4o-mini-2024-07-18
702,3,"This paper should be included in our study as it investigates the perception of health in relation to air quality and pollution, utilizing survey data and focusing on the impact of industrial polluters on health perceptions.

output_json  
{ ""inclusion"": [""included""] }",included,gpt-4o-mini-2024-07-18
702,4,"This paper should be included in our study as it investigates the perception of health in relation to air quality and pollution, utilizing survey data and focusing on the impact of industrial polluters in the living environment.

output_json  
{ ""inclusion"": [""included""] }",included,gpt-4o-mini-2024-07-18
